num_teams,qb_slots,rb_slots,wr_slots,flex_slots,strategy,starter_points,avg_rank,win_rate,top3_rate,episodes
10,1,1,2,0,adp,1254.931111111111,4.666666666666667,0.2222222222222222,0.2222222222222222,9
10,1,1,2,0,adp_guarded,1251.2933333333333,4.111111111111111,0.0,0.4444444444444444,9
10,1,1,2,0,vbd,1202.84,5.111111111111111,0.0,0.2222222222222222,9
10,1,1,2,0,catboost,1190.331111111111,5.777777777777778,0.0,0.2222222222222222,9
10,1,1,2,1,adp_guarded,1530.6515789473685,3.0526315789473686,0.3684210526315789,0.7368421052631579,19
10,1,1,2,1,adp,1522.478947368421,3.3684210526315788,0.3684210526315789,0.5789473684210527,19
10,1,1,2,1,vbd,1461.0473684210526,4.684210526315789,0.15789473684210525,0.42105263157894735,19
10,1,1,2,1,catboost,1348.0978947368421,7.578947368421052,0.0,0.10526315789473684,19
10,1,1,2,2,adp_guarded,1723.0088888888888,2.0,0.4444444444444444,0.8888888888888888,9
10,1,1,2,2,adp,1631.0088888888888,5.0,0.1111111111111111,0.3333333333333333,9
10,1,1,2,2,vbd,1576.6377777777777,5.777777777777778,0.0,0.2222222222222222,9
10,1,1,2,2,catboost,1540.3244444444445,6.444444444444445,0.0,0.3333333333333333,9
10,1,1,2,3,adp,1883.7066666666667,2.5,0.16666666666666666,0.8333333333333334,6
10,1,1,2,3,adp_guarded,1852.47,3.8333333333333335,0.3333333333333333,0.5,6
10,1,1,2,3,vbd,1742.2066666666667,6.166666666666667,0.0,0.16666666666666666,6
10,1,1,2,3,catboost,1671.5533333333333,7.333333333333333,0.0,0.0,6
10,1,1,3,1,adp,1646.0742857142857,4.142857142857143,0.14285714285714285,0.5714285714285714,7
10,1,1,3,1,adp_guarded,1621.9542857142858,4.428571428571429,0.0,0.42857142857142855,7
10,1,1,3,1,vbd,1562.7085714285715,6.142857142857143,0.0,0.0,7
10,1,1,3,1,catboost,1529.6171428571429,6.428571428571429,0.0,0.14285714285714285,7
10,1,1,3,2,adp_guarded,1761.7733333333333,6.0,0.0,0.3333333333333333,3
10,1,1,3,2,catboost,1703.0600000000002,7.0,0.0,0.0,3
10,1,1,3,2,vbd,1658.2533333333333,7.0,0.0,0.0,3
10,1,1,3,2,adp,1656.3866666666665,7.666666666666667,0.0,0.3333333333333333,3
10,1,2,2,0,adp_guarded,1506.5657142857144,3.342857142857143,0.22857142857142856,0.6285714285714286,35
10,1,2,2,0,adp,1473.8628571428571,4.4,0.17142857142857143,0.45714285714285713,35
10,1,2,2,0,vbd,1463.1491428571428,4.371428571428571,0.05714285714285714,0.4,35
10,1,2,2,0,catboost,1395.865142857143,6.228571428571429,0.05714285714285714,0.17142857142857143,35
10,1,2,2,1,adp_guarded,1687.5076811594204,3.8550724637681157,0.21014492753623187,0.5434782608695652,138
10,1,2,2,1,adp,1645.1634782608696,4.804347826086956,0.16666666666666666,0.36231884057971014,138
10,1,2,2,1,vbd,1619.7485507246377,4.978260869565218,0.07246376811594203,0.34782608695652173,138
10,1,2,2,1,catboost,1548.4040579710145,6.753623188405797,0.014492753623188406,0.11594202898550725,138
10,1,2,2,2,adp_guarded,1895.4606896551725,3.2586206896551726,0.3103448275862069,0.6379310344827587,58
10,1,2,2,2,adp,1844.3686206896552,3.9482758620689653,0.20689655172413793,0.5,58
10,1,2,2,2,vbd,1749.709655172414,5.896551724137931,0.05172413793103448,0.22413793103448276,58
10,1,2,2,2,catboost,1713.6624137931035,6.9655172413793105,0.034482758620689655,0.08620689655172414,58
10,1,2,2,3,adp_guarded,2077.0644444444442,2.5555555555555554,0.0,0.8888888888888888,9
10,1,2,2,3,adp,1934.4155555555553,5.222222222222222,0.0,0.3333333333333333,9
10,1,2,2,3,catboost,1909.4644444444446,5.444444444444445,0.1111111111111111,0.2222222222222222,9
10,1,2,2,3,vbd,1871.1599999999999,5.888888888888889,0.0,0.0,9
10,1,2,3,0,adp,1649.5584615384614,4.538461538461538,0.34615384615384615,0.5,26
10,1,2,3,0,adp_guarded,1647.5223076923078,4.115384615384615,0.15384615384615385,0.5,26
10,1,2,3,0,catboost,1569.7676923076922,5.5,0.07692307692307693,0.23076923076923078,26
10,1,2,3,0,vbd,1560.503846153846,5.653846153846154,0.038461538461538464,0.3076923076923077,26
10,1,2,3,1,adp_guarded,1877.4147826086958,3.5,0.1956521739130435,0.5869565217391305,46
10,1,2,3,1,adp,1822.854347826087,4.391304347826087,0.17391304347826086,0.32608695652173914,46
10,1,2,3,1,catboost,1732.471304347826,5.978260869565218,0.0,0.17391304347826086,46
10,1,2,3,1,vbd,1705.6491304347826,6.434782608695652,0.0,0.08695652173913043,46
10,1,2,3,2,adp_guarded,2013.1788235294118,3.4705882352941178,0.29411764705882354,0.5882352941176471,17
10,1,2,3,2,adp,1982.0894117647058,4.529411764705882,0.23529411764705882,0.5294117647058824,17
10,1,2,3,2,vbd,1845.914117647059,6.352941176470588,0.0,0.17647058823529413,17
10,1,2,3,2,catboost,1830.7576470588235,7.352941176470588,0.0,0.058823529411764705,17
10,1,2,3,3,adp_guarded,2174.67,2.6666666666666665,0.3333333333333333,0.6666666666666666,6
10,1,2,3,3,adp,2096.7999999999997,4.5,0.16666666666666666,0.3333333333333333,6
10,1,2,3,3,catboost,1911.8266666666666,8.0,0.0,0.16666666666666666,6
10,1,2,3,3,vbd,1875.2533333333333,8.0,0.0,0.16666666666666666,6
10,1,3,2,0,adp,1743.88,4.333333333333333,0.3333333333333333,0.3333333333333333,3
10,1,3,2,0,adp_guarded,1632.0733333333335,4.666666666666667,0.3333333333333333,0.3333333333333333,3
10,1,3,2,0,vbd,1571.1333333333332,6.333333333333333,0.0,0.0,3
10,1,3,2,0,catboost,1535.5466666666664,7.333333333333333,0.0,0.0,3
10,1,3,2,1,adp_guarded,1872.12125,3.4375,0.25,0.5625,16
10,1,3,2,1,adp,1789.46125,5.0625,0.125,0.3125,16
10,1,3,2,1,catboost,1723.77125,6.4375,0.0625,0.125,16
10,1,3,2,1,vbd,1693.16,6.3125,0.0,0.0625,16
10,1,3,2,2,adp_guarded,2016.3927272727271,3.0,0.09090909090909091,0.7272727272727273,11
10,1,3,2,2,adp,1993.2272727272727,3.3636363636363638,0.2727272727272727,0.5454545454545454,11
10,1,3,2,2,vbd,1877.38,6.545454545454546,0.0,0.2727272727272727,11
10,1,3,2,2,catboost,1846.0381818181816,6.545454545454546,0.0,0.18181818181818182,11
10,1,3,2,3,adp_guarded,2179.42,2.0,0.0,1.0,1
10,1,3,2,3,adp,2124.2,2.0,0.0,1.0,1
10,1,3,2,3,catboost,1869.1,9.0,0.0,0.0,1
10,1,3,2,3,vbd,1780.7,10.0,0.0,0.0,1
10,1,3,3,0,adp_guarded,1892.0533333333333,2.6666666666666665,0.0,0.6666666666666666,3
10,1,3,3,0,adp,1781.006666666667,5.0,0.0,0.3333333333333333,3
10,1,3,3,0,catboost,1770.9133333333332,4.666666666666667,0.0,0.3333333333333333,3
10,1,3,3,0,vbd,1679.6266666666668,7.0,0.0,0.0,3
10,1,3,3,1,adp_guarded,2016.8600000000001,3.1538461538461537,0.38461538461538464,0.6923076923076923,13
10,1,3,3,1,adp,2010.0184615384617,3.5384615384615383,0.07692307692307693,0.5384615384615384,13
10,1,3,3,1,catboost,1921.0784615384616,4.6923076923076925,0.15384615384615385,0.46153846153846156,13
10,1,3,3,1,vbd,1835.4415384615386,6.846153846153846,0.0,0.0,13
10,1,3,3,2,adp_guarded,2121.217777777778,3.4444444444444446,0.3333333333333333,0.5555555555555556,9
10,1,3,3,2,adp,2053.8488888888887,5.333333333333333,0.1111111111111111,0.2222222222222222,9
10,1,3,3,2,vbd,2017.3866666666665,5.888888888888889,0.1111111111111111,0.4444444444444444,9
10,1,3,3,2,catboost,1961.993333333333,6.777777777777778,0.0,0.2222222222222222,9
10,2,1,2,0,vbd,1526.47,2.5,0.0,1.0,2
10,2,1,2,0,catboost,1477.37,3.5,0.0,0.5,2
10,2,1,2,0,adp_guarded,1422.52,5.0,0.0,0.0,2
10,2,1,2,0,adp,1401.3000000000002,5.5,0.0,0.0,2
10,2,1,2,1,adp_guarded,1821.5466666666669,2.6666666666666665,0.3333333333333333,0.6666666666666666,3
10,2,1,2,1,vbd,1769.6933333333334,3.0,0.0,0.6666666666666666,3
10,2,1,2,1,adp,1669.14,4.666666666666667,0.0,0.3333333333333333,3
10,2,1,2,1,catboost,1666.2733333333333,4.0,0.0,0.3333333333333333,3
10,2,1,2,2,adp_guarded,2049.2,1.5,0.5,1.0,2
10,2,1,2,2,vbd,1846.79,5.5,0.0,0.0,2
10,2,1,2,2,adp,1821.91,6.0,0.0,0.5,2
10,2,1,2,2,catboost,1803.22,6.0,0.0,0.0,2
10,2,1,3,1,vbd,1911.3,4.0,0.0,0.0,1
10,2,1,3,1,adp,1879.14,4.0,0.0,0.0,1
10,2,1,3,1,adp_guarded,1732.74,5.0,0.0,0.0,1
10,2,1,3,1,catboost,1632.34,9.0,0.0,0.0,1
10,2,2,2,0,vbd,1862.2466666666667,2.3333333333333335,0.3333333333333333,0.6666666666666666,3
10,2,2,2,0,adp_guarded,1763.1599999999999,3.3333333333333335,0.0,0.6666666666666666,3
10,2,2,2,0,catboost,1759.6000000000001,3.3333333333333335,0.3333333333333333,0.3333333333333333,3
10,2,2,2,0,adp,1623.54,6.0,0.0,0.3333333333333333,3
10,2,2,2,1,adp_guarded,1932.7675,4.4375,0.3125,0.4375,16
10,2,2,2,1,catboost,1929.4375,3.6875,0.1875,0.4375,16
10,2,2,2,1,vbd,1889.8375,4.125,0.125,0.625,16
10,2,2,2,1,adp,1831.68375,5.25,0.3125,0.4375,16
10,2,2,2,2,catboost,2086.26,3.4,0.4,0.6,5
10,2,2,2,2,vbd,2047.6239999999998,3.6,0.2,0.4,5
10,2,2,2,2,adp,1915.152,7.4,0.0,0.0,5
10,2,2,2,2,adp_guarded,1913.416,5.8,0.2,0.2,5
10,2,2,3,0,vbd,1909.9066666666665,3.0,0.3333333333333333,0.3333333333333333,3
10,2,2,3,0,adp_guarded,1899.1333333333332,4.0,0.3333333333333333,0.6666666666666666,3
10,2,2,3,0,catboost,1860.6866666666667,5.333333333333333,0.0,0.3333333333333333,3
10,2,2,3,0,adp,1700.9133333333332,7.0,0.0,0.0,3
10,2,2,3,1,adp_guarded,2107.6428571428573,4.0,0.2857142857142857,0.2857142857142857,7
10,2,2,3,1,vbd,2010.7085714285713,4.714285714285714,0.14285714285714285,0.42857142857142855,7
10,2,2,3,1,catboost,2004.4885714285715,5.428571428571429,0.0,0.2857142857142857,7
10,2,2,3,1,adp,1889.6485714285716,6.428571428571429,0.0,0.2857142857142857,7
10,2,2,3,2,catboost,2244.81,4.25,0.0,0.5,4
10,2,2,3,2,vbd,2214.3,4.75,0.0,0.25,4
10,2,2,3,2,adp_guarded,2142.2799999999997,6.0,0.0,0.25,4
10,2,2,3,2,adp,1992.685,9.5,0.0,0.0,4
10,2,3,2,1,catboost,2040.3700000000001,4.75,0.0,0.0,4
10,2,3,2,1,adp_guarded,2022.96,5.25,0.0,0.25,4
10,2,3,2,1,vbd,1932.595,7.0,0.0,0.0,4
10,2,3,2,1,adp,1925.625,7.0,0.0,0.0,4
10,2,3,2,2,adp_guarded,2226.153333333333,4.333333333333333,0.0,0.6666666666666666,3
10,2,3,2,2,catboost,2177.6733333333336,4.666666666666667,0.0,0.0,3
10,2,3,2,2,vbd,2141.5866666666666,5.666666666666667,0.3333333333333333,0.3333333333333333,3
10,2,3,2,2,adp,2131.42,5.0,0.0,0.6666666666666666,3
10,2,3,3,0,vbd,2129.18,3.0,0.0,1.0,1
10,2,3,3,0,adp_guarded,2105.6,2.0,0.0,1.0,1
10,2,3,3,0,catboost,1903.44,6.0,0.0,0.0,1
10,2,3,3,0,adp,1880.02,9.0,0.0,0.0,1
10,2,3,3,1,adp_guarded,2364.3199999999997,1.25,0.75,1.0,4
10,2,3,3,1,vbd,2177.3450000000003,5.5,0.0,0.0,4
10,2,3,3,1,catboost,2129.245,6.0,0.0,0.0,4
10,2,3,3,1,adp,2039.0149999999999,6.5,0.25,0.25,4
12,1,1,2,0,adp,1209.356,4.733333333333333,0.13333333333333333,0.5333333333333333,15
12,1,1,2,0,vbd,1172.7373333333335,5.933333333333334,0.06666666666666667,0.26666666666666666,15
12,1,1,2,0,catboost,1161.7426666666665,6.066666666666666,0.06666666666666667,0.2,15
12,1,1,2,0,adp_guarded,1131.3186666666666,6.4,0.0,0.2,15
12,1,1,2,1,adp_guarded,1414.5692307692307,5.076923076923077,0.10256410256410256,0.2564102564102564,39
12,1,1,2,1,adp,1407.6835897435897,5.384615384615385,0.1282051282051282,0.3333333333333333,39
12,1,1,2,1,catboost,1359.805641025641,6.717948717948718,0.02564102564102564,0.1282051282051282,39
12,1,1,2,1,vbd,1359.7117948717948,6.410256410256411,0.02564102564102564,0.15384615384615385,39
12,1,1,2,2,adp,1597.6666666666667,5.333333333333333,0.2,0.26666666666666666,15
12,1,1,2,2,adp_guarded,1561.3693333333333,5.933333333333334,0.06666666666666667,0.3333333333333333,15
12,1,1,2,2,catboost,1480.6893333333333,7.933333333333334,0.0,0.26666666666666666,15
12,1,1,2,2,vbd,1457.6186666666665,8.8,0.0,0.06666666666666667,15
12,1,1,2,3,adp_guarded,1809.3,2.0,0.0,1.0,1
12,1,1,2,3,adp,1740.74,4.0,0.0,0.0,1
12,1,1,2,3,vbd,1625.96,10.0,0.0,0.0,1
12,1,1,2,3,catboost,1571.04,10.0,0.0,0.0,1
12,1,1,3,0,adp,1385.9771428571428,5.285714285714286,0.2857142857142857,0.42857142857142855,7
12,1,1,3,0,adp_guarded,1332.5,6.0,0.0,0.14285714285714285,7
12,1,1,3,0,catboost,1255.4742857142858,8.0,0.0,0.0,7
12,1,1,3,0,vbd,1210.2085714285713,9.285714285714286,0.0,0.0,7
12,1,1,3,1,adp_guarded,1579.6315789473683,4.105263157894737,0.15789473684210525,0.5789473684210527,19
12,1,1,3,1,adp,1543.7736842105264,5.894736842105263,0.05263157894736842,0.15789473684210525,19
12,1,1,3,1,vbd,1469.861052631579,7.7894736842105265,0.05263157894736842,0.15789473684210525,19
12,1,1,3,1,catboost,1461.9673684210527,7.894736842105263,0.0,0.05263157894736842,19
12,1,1,3,2,adp_guarded,1726.3628571428574,5.571428571428571,0.0,0.2857142857142857,7
12,1,1,3,2,adp,1699.3,6.428571428571429,0.0,0.2857142857142857,7
12,1,1,3,2,vbd,1552.3657142857141,9.571428571428571,0.0,0.0,7
12,1,1,3,2,catboost,1513.6542857142856,10.285714285714286,0.0,0.0,7
12,1,1,3,3,adp_guarded,2022.13,1.5,0.5,1.0,2
12,1,1,3,3,adp,1841.35,4.5,0.0,0.5,2
12,1,1,3,3,vbd,1596.1399999999999,10.0,0.0,0.0,2
12,1,1,3,3,catboost,1595.57,9.5,0.0,0.0,2
12,1,2,2,0,adp,1423.7470212765957,5.053191489361702,0.13829787234042554,0.40425531914893614,94
12,1,2,2,0,adp_guarded,1403.7493617021278,5.5638297872340425,0.1702127659574468,0.3617021276595745,94
12,1,2,2,0,vbd,1364.095744680851,6.340425531914893,0.0425531914893617,0.23404255319148937,94
12,1,2,2,0,catboost,1335.8759574468086,7.074468085106383,0.010638297872340425,0.19148936170212766,94
12,1,2,2,1,adp_guarded,1603.4029452054795,4.763698630136986,0.2226027397260274,0.4417808219178082,292
12,1,2,2,1,adp,1592.4753424657533,4.852739726027397,0.1404109589041096,0.4143835616438356,292
12,1,2,2,1,vbd,1525.8123972602739,6.691780821917808,0.06506849315068493,0.20205479452054795,292
12,1,2,2,1,catboost,1514.5522602739727,6.88013698630137,0.04794520547945205,0.17123287671232876,292
12,1,2,2,2,adp,1746.7585263157894,4.7894736842105265,0.16842105263157894,0.47368421052631576,95
12,1,2,2,2,adp_guarded,1736.6246315789474,5.11578947368421,0.11578947368421053,0.4,95
12,1,2,2,2,vbd,1628.6791578947368,7.631578947368421,0.021052631578947368,0.15789473684210525,95
12,1,2,2,2,catboost,1617.4305263157894,7.894736842105263,0.0,0.06315789473684211,95
12,1,2,2,3,adp_guarded,1863.8623076923077,5.076923076923077,0.11538461538461539,0.38461538461538464,26
12,1,2,2,3,adp,1859.74,5.384615384615385,0.11538461538461539,0.34615384615384615,26
12,1,2,2,3,catboost,1776.1076923076923,7.153846153846154,0.07692307692307693,0.11538461538461539,26
12,1,2,2,3,vbd,1715.8053846153848,8.76923076923077,0.0,0.038461538461538464,26
12,1,2,3,0,adp,1569.8792857142857,4.946428571428571,0.07142857142857142,0.42857142857142855,56
12,1,2,3,0,adp_guarded,1561.9242857142856,5.464285714285714,0.17857142857142858,0.35714285714285715,56
12,1,2,3,0,vbd,1492.9442857142858,7.0,0.017857142857142856,0.16071428571428573,56
12,1,2,3,0,catboost,1464.735357142857,7.696428571428571,0.03571428571428571,0.07142857142857142,56
12,1,2,3,1,adp_guarded,1743.9711538461538,4.788461538461538,0.16666666666666666,0.4230769230769231,156
12,1,2,3,1,adp,1722.8496153846152,5.326923076923077,0.14743589743589744,0.358974358974359,156
12,1,2,3,1,vbd,1642.5479487179489,7.3076923076923075,0.03205128205128205,0.12179487179487179,156
12,1,2,3,1,catboost,1631.301923076923,7.410256410256411,0.02564102564102564,0.11538461538461539,156
12,1,2,3,2,adp_guarded,1890.016862745098,5.0,0.23529411764705882,0.4117647058823529,51
12,1,2,3,2,adp,1860.6325490196077,5.392156862745098,0.0784313725490196,0.29411764705882354,51
12,1,2,3,2,vbd,1757.5313725490198,7.686274509803922,0.058823529411764705,0.0784313725490196,51
12,1,2,3,2,catboost,1744.2388235294115,8.156862745098039,0.0196078431372549,0.0196078431372549,51
12,1,2,3,3,adp_guarded,2033.7033333333336,4.666666666666667,0.3333333333333333,0.5,6
12,1,2,3,3,adp,2030.5733333333335,3.6666666666666665,0.16666666666666666,0.5,6
12,1,2,3,3,vbd,1872.1899999999998,8.0,0.16666666666666666,0.16666666666666666,6
12,1,2,3,3,catboost,1865.743333333333,7.5,0.0,0.16666666666666666,6
12,1,3,2,0,adp_guarded,1546.2876923076924,5.6923076923076925,0.23076923076923078,0.38461538461538464,13
12,1,3,2,0,adp,1521.216923076923,6.3076923076923075,0.0,0.3076923076923077,13
12,1,3,2,0,vbd,1468.4215384615384,7.3076923076923075,0.0,0.07692307692307693,13
12,1,3,2,0,catboost,1460.3646153846155,8.461538461538462,0.0,0.07692307692307693,13
12,1,3,2,1,adp,1762.5164102564102,4.153846153846154,0.15384615384615385,0.5384615384615384,39
12,1,3,2,1,adp_guarded,1689.2497435897437,6.128205128205129,0.15384615384615385,0.28205128205128205,39
12,1,3,2,1,vbd,1641.4866666666667,6.923076923076923,0.07692307692307693,0.1794871794871795,39
12,1,3,2,1,catboost,1624.4502564102563,7.641025641025641,0.0,0.20512820512820512,39
12,1,3,2,2,adp_guarded,1876.1585714285716,4.571428571428571,0.07142857142857142,0.35714285714285715,14
12,1,3,2,2,adp,1844.517142857143,5.642857142857143,0.21428571428571427,0.35714285714285715,14
12,1,3,2,2,vbd,1749.4699999999998,7.785714285714286,0.0,0.14285714285714285,14
12,1,3,2,2,catboost,1697.8614285714286,9.071428571428571,0.0,0.07142857142857142,14
12,1,3,2,3,adp,2005.78,4.0,0.0,0.5,2
12,1,3,2,3,adp_guarded,1935.0100000000002,7.0,0.0,0.0,2
12,1,3,2,3,catboost,1869.34,7.0,0.0,0.5,2
12,1,3,2,3,vbd,1802.5500000000002,8.5,0.0,0.0,2
12,1,3,3,0,adp_guarded,1742.67,4.5,0.16666666666666666,0.3333333333333333,6
12,1,3,3,0,adp,1688.8366666666668,5.166666666666667,0.16666666666666666,0.5,6
12,1,3,3,0,catboost,1652.4533333333336,7.666666666666667,0.16666666666666666,0.16666666666666666,6
12,1,3,3,0,vbd,1613.4033333333334,7.333333333333333,0.0,0.3333333333333333,6
12,1,3,3,1,adp,1887.432727272727,4.7272727272727275,0.3181818181818182,0.5,22
12,1,3,3,1,adp_guarded,1844.2109090909091,5.636363636363637,0.045454545454545456,0.2727272727272727,22
12,1,3,3,1,vbd,1754.9872727272727,7.5,0.0,0.13636363636363635,22
12,1,3,3,1,catboost,1733.74,8.136363636363637,0.0,0.09090909090909091,22
12,1,3,3,2,adp_guarded,1984.3488888888887,5.444444444444445,0.2222222222222222,0.3333333333333333,9
12,1,3,3,2,adp,1960.9733333333336,6.0,0.0,0.3333333333333333,9
12,1,3,3,2,vbd,1922.868888888889,7.0,0.0,0.0,9
12,1,3,3,2,catboost,1837.04,8.666666666666666,0.0,0.0,9
12,1,3,3,3,vbd,2175.12,4.0,0.0,0.5,2
12,1,3,3,3,adp,2147.7200000000003,4.5,0.0,0.5,2
12,1,3,3,3,adp_guarded,1997.26,7.5,0.0,0.0,2
12,1,3,3,3,catboost,1914.96,9.5,0.0,0.0,2
12,2,1,2,1,adp,1668.2285714285715,5.571428571428571,0.2857142857142857,0.42857142857142855,7
12,2,1,2,1,catboost,1637.9771428571428,5.0,0.2857142857142857,0.5714285714285714,7
12,2,1,2,1,vbd,1603.685714285714,6.0,0.2857142857142857,0.2857142857142857,7
12,2,1,2,1,adp_guarded,1532.2685714285715,7.0,0.0,0.14285714285714285,7
12,2,1,2,2,adp,1911.3666666666668,2.6666666666666665,0.3333333333333333,0.6666666666666666,3
12,2,1,2,2,vbd,1854.5600000000002,4.0,0.0,0.3333333333333333,3
12,2,1,2,2,adp_guarded,1741.7933333333333,6.666666666666667,0.3333333333333333,0.3333333333333333,3
12,2,1,2,2,catboost,1725.24,7.666666666666667,0.3333333333333333,0.3333333333333333,3
12,2,1,3,1,vbd,1866.99,3.0,0.0,1.0,2
12,2,1,3,1,catboost,1732.1100000000001,6.0,0.0,0.5,2
12,2,1,3,1,adp_guarded,1710.69,6.0,0.0,0.5,2
12,2,1,3,1,adp,1591.7,10.0,0.0,0.0,2
12,2,2,2,0,vbd,1664.3123076923077,4.538461538461538,0.07692307692307693,0.38461538461538464,13
12,2,2,2,0,adp,1598.7953846153846,6.3076923076923075,0.0,0.23076923076923078,13
12,2,2,2,0,catboost,1593.276923076923,6.0,0.0,0.15384615384615385,13
12,2,2,2,0,adp_guarded,1542.9215384615384,7.076923076923077,0.15384615384615385,0.23076923076923078,13
12,2,2,2,1,adp,1796.35641025641,5.769230769230769,0.1282051282051282,0.2564102564102564,39
12,2,2,2,1,vbd,1780.4579487179487,5.846153846153846,0.05128205128205128,0.2564102564102564,39
12,2,2,2,1,adp_guarded,1776.2666666666664,6.076923076923077,0.15384615384615385,0.3333333333333333,39
12,2,2,2,1,catboost,1748.2184615384617,6.435897435897436,0.05128205128205128,0.15384615384615385,39
12,2,2,2,2,adp,1933.06,5.846153846153846,0.15384615384615385,0.3076923076923077,13
12,2,2,2,2,catboost,1904.8923076923077,6.0,0.07692307692307693,0.15384615384615385,13
12,2,2,2,2,vbd,1893.416923076923,6.6923076923076925,0.0,0.15384615384615385,13
12,2,2,2,2,adp_guarded,1886.4615384615386,6.538461538461538,0.15384615384615385,0.3076923076923077,13
12,2,2,2,3,adp_guarded,2143.3050000000003,4.25,0.25,0.75,4
12,2,2,2,3,catboost,2068.41,5.75,0.0,0.25,4
12,2,2,2,3,adp,1991.84,7.0,0.0,0.25,4
12,2,2,2,3,vbd,1948.915,8.25,0.0,0.25,4
12,2,2,3,0,adp,1801.1942857142858,5.0,0.0,0.7142857142857143,7
12,2,2,3,0,catboost,1797.4428571428573,4.714285714285714,0.14285714285714285,0.5714285714285714,7
12,2,2,3,0,vbd,1796.3628571428574,5.285714285714286,0.14285714285714285,0.2857142857142857,7
12,2,2,3,0,adp_guarded,1759.7314285714285,6.142857142857143,0.0,0.2857142857142857,7
12,2,2,3,1,adp_guarded,1992.4126315789472,4.368421052631579,0.21052631578947367,0.5789473684210527,19
12,2,2,3,1,adp,1917.824210526316,6.052631578947368,0.15789473684210525,0.21052631578947367,19
12,2,2,3,1,catboost,1917.4736842105262,6.052631578947368,0.05263157894736842,0.15789473684210525,19
12,2,2,3,1,vbd,1904.7642105263155,6.2105263157894735,0.05263157894736842,0.15789473684210525,19
12,2,2,3,2,adp,2075.0275,5.0,0.25,0.5,8
12,2,2,3,2,adp_guarded,2045.9975,6.25,0.0,0.125,8
12,2,2,3,2,catboost,1937.405,8.5,0.0,0.0,8
12,2,2,3,2,vbd,1927.2925,8.125,0.0,0.0,8
12,2,2,3,3,adp,2319.5733333333333,3.6666666666666665,0.3333333333333333,0.3333333333333333,3
12,2,2,3,3,catboost,2161.266666666667,5.666666666666667,0.0,0.0,3
12,2,2,3,3,adp_guarded,2122.8933333333334,7.0,0.0,0.0,3
12,2,2,3,3,vbd,2059.2066666666665,8.666666666666666,0.0,0.0,3
12,2,3,2,0,adp,1831.7649999999999,5.25,0.0,0.5,4
12,2,3,2,0,vbd,1774.24,5.0,0.25,0.25,4
12,2,3,2,0,catboost,1700.42,7.25,0.0,0.0,4
12,2,3,2,0,adp_guarded,1681.8,8.25,0.25,0.25,4
12,2,3,2,1,adp_guarded,2036.8,3.5,0.3333333333333333,0.6666666666666666,6
12,2,3,2,1,adp,1978.71,5.166666666666667,0.16666666666666666,0.5,6
12,2,3,2,1,vbd,1970.0366666666666,4.666666666666667,0.0,0.5,6
12,2,3,2,1,catboost,1957.8366666666668,4.333333333333333,0.16666666666666666,0.3333333333333333,6
12,2,3,3,0,adp_guarded,2131.2,2.0,0.0,1.0,1
12,2,3,3,0,catboost,2057.2,3.0,0.0,1.0,1
12,2,3,3,0,adp,1990.54,2.0,0.0,1.0,1
12,2,3,3,0,vbd,1762.04,10.0,0.0,0.0,1
12,2,3,3,1,adp,2120.8133333333335,3.3333333333333335,0.0,0.6666666666666666,3
12,2,3,3,1,vbd,2030.6133333333335,6.333333333333333,0.0,0.0,3
12,2,3,3,1,adp_guarded,2021.3866666666665,6.333333333333333,0.0,0.0,3
12,2,3,3,1,catboost,1926.7866666666666,8.333333333333334,0.0,0.0,3
12,2,3,3,2,adp_guarded,2436.68,1.0,1.0,1.0,1
12,2,3,3,2,vbd,2367.46,1.0,1.0,1.0,1
12,2,3,3,2,catboost,2316.56,3.0,0.0,1.0,1
12,2,3,3,2,adp,2050.92,8.0,0.0,0.0,1
14,1,1,2,0,adp_guarded,1191.58,4.8,0.2,0.6,5
14,1,1,2,0,adp,1162.5279999999998,6.6,0.2,0.4,5
14,1,1,2,0,catboost,1158.556,7.0,0.0,0.2,5
14,1,1,2,0,vbd,1117.876,8.2,0.0,0.0,5
14,1,1,2,1,adp,1354.00625,6.25,0.1875,0.3125,16
14,1,1,2,1,adp_guarded,1347.7975,6.25,0.0625,0.125,16
14,1,1,2,1,vbd,1288.19,8.6875,0.0,0.0625,16
14,1,1,2,1,catboost,1251.67625,9.75,0.0,0.0625,16
14,1,1,2,2,adp_guarded,1580.73,5.0,0.25,0.5,4
14,1,1,2,2,adp,1517.365,6.0,0.25,0.25,4
14,1,1,2,2,vbd,1457.79,8.5,0.0,0.0,4
14,1,1,2,2,catboost,1438.0049999999999,9.0,0.0,0.0,4
14,1,1,2,3,adp_guarded,1903.56,1.0,1.0,1.0,1
14,1,1,2,3,vbd,1658.32,5.0,0.0,0.0,1
14,1,1,2,3,catboost,1549.76,8.0,0.0,0.0,1
14,1,1,2,3,adp,1488.1,12.0,0.0,0.0,1
14,1,1,3,0,vbd,1349.8666666666666,4.666666666666667,0.3333333333333333,0.6666666666666666,3
14,1,1,3,0,adp,1313.9266666666665,5.333333333333333,0.0,0.3333333333333333,3
14,1,1,3,0,catboost,1281.1933333333334,6.666666666666667,0.0,0.0,3
14,1,1,3,0,adp_guarded,1263.08,6.333333333333333,0.0,0.0,3
14,1,1,3,1,adp,1504.2333333333333,6.333333333333333,0.0,0.3333333333333333,6
14,1,1,3,1,adp_guarded,1490.4099999999999,7.0,0.0,0.3333333333333333,6
14,1,1,3,1,catboost,1421.9133333333332,8.666666666666666,0.0,0.0,6
14,1,1,3,1,vbd,1391.2366666666667,10.166666666666666,0.0,0.16666666666666666,6
14,1,1,3,2,adp_guarded,1767.6799999999998,1.75,0.5,1.0,4
14,1,1,3,2,catboost,1581.345,7.5,0.0,0.25,4
14,1,1,3,2,vbd,1570.925,8.5,0.0,0.0,4
14,1,1,3,2,adp,1486.2150000000001,10.75,0.0,0.0,4
14,1,2,2,0,adp_guarded,1423.2896296296296,3.7777777777777777,0.2962962962962963,0.6296296296296297,27
14,1,2,2,0,adp,1381.665925925926,5.2592592592592595,0.1111111111111111,0.4444444444444444,27
14,1,2,2,0,catboost,1304.2333333333333,8.148148148148149,0.037037037037037035,0.1111111111111111,27
14,1,2,2,0,vbd,1290.3125925925926,8.333333333333334,0.037037037037037035,0.1111111111111111,27
14,1,2,2,1,adp_guarded,1535.8028865979381,5.484536082474227,0.12371134020618557,0.3711340206185567,97
14,1,2,2,1,adp,1532.0663917525774,5.824742268041237,0.10309278350515463,0.3402061855670103,97
14,1,2,2,1,vbd,1456.9381443298969,7.721649484536083,0.041237113402061855,0.1958762886597938,97
14,1,2,2,1,catboost,1430.3350515463917,8.577319587628866,0.020618556701030927,0.10309278350515463,97
14,1,2,2,2,adp_guarded,1665.2199999999998,5.869565217391305,0.13043478260869565,0.2608695652173913,23
14,1,2,2,2,adp,1636.275652173913,6.695652173913044,0.08695652173913043,0.2608695652173913,23
14,1,2,2,2,catboost,1553.7147826086957,8.73913043478261,0.043478260869565216,0.13043478260869565,23
14,1,2,2,2,vbd,1542.6913043478262,9.304347826086957,0.0,0.043478260869565216,23
14,1,2,2,3,adp_guarded,1772.045,5.916666666666667,0.08333333333333333,0.25,12
14,1,2,2,3,vbd,1720.755,7.0,0.0,0.16666666666666666,12
14,1,2,2,3,adp,1718.243333333333,7.833333333333333,0.0,0.16666666666666666,12
14,1,2,2,3,catboost,1692.2466666666667,8.083333333333334,0.0,0.16666666666666666,12
14,1,2,3,0,adp_guarded,1555.731,4.75,0.2,0.55,20
14,1,2,3,0,adp,1478.676,6.8,0.0,0.1,20
14,1,2,3,0,catboost,1422.817,7.9,0.0,0.2,20
14,1,2,3,0,vbd,1389.5790000000002,8.95,0.0,0.15,20
14,1,2,3,1,adp_guarded,1701.9175438596492,4.578947368421052,0.22807017543859648,0.5087719298245614,57
14,1,2,3,1,adp,1618.8063157894737,6.666666666666667,0.12280701754385964,0.22807017543859648,57
14,1,2,3,1,vbd,1588.678947368421,7.421052631578948,0.017543859649122806,0.14035087719298245,57
14,1,2,3,1,catboost,1544.5042105263158,8.964912280701755,0.0,0.08771929824561403,57
14,1,2,3,2,adp_guarded,1793.5228571428572,5.095238095238095,0.19047619047619047,0.38095238095238093,21
14,1,2,3,2,adp,1746.9590476190476,6.619047619047619,0.14285714285714285,0.23809523809523808,21
14,1,2,3,2,vbd,1696.002857142857,8.095238095238095,0.047619047619047616,0.14285714285714285,21
14,1,2,3,2,catboost,1650.9095238095238,9.428571428571429,0.0,0.0,21
14,1,2,3,3,adp,2072.82,1.0,1.0,1.0,1
14,1,2,3,3,adp_guarded,1845.84,5.0,0.0,0.0,1
14,1,2,3,3,vbd,1780.62,7.0,0.0,0.0,1
14,1,2,3,3,catboost,1629.12,13.0,0.0,0.0,1
14,1,3,2,0,adp_guarded,1551.1933333333334,5.666666666666667,0.3333333333333333,0.3333333333333333,3
14,1,3,2,0,vbd,1481.0333333333335,4.333333333333333,0.0,0.3333333333333333,3
14,1,3,2,0,adp,1420.3133333333333,8.0,0.0,0.0,3
14,1,3,2,0,catboost,1385.5600000000002,8.333333333333334,0.0,0.0,3
14,1,3,2,1,adp_guarded,1680.353846153846,4.846153846153846,0.23076923076923078,0.5384615384615384,13
14,1,3,2,1,adp,1653.7923076923075,5.846153846153846,0.15384615384615385,0.3076923076923077,13
14,1,3,2,1,vbd,1596.706153846154,7.153846153846154,0.0,0.07692307692307693,13
14,1,3,2,1,catboost,1562.3753846153847,8.461538461538462,0.07692307692307693,0.07692307692307693,13
14,1,3,2,2,adp_guarded,1813.99,4.666666666666667,0.16666666666666666,0.5,6
14,1,3,2,2,vbd,1779.993333333333,5.0,0.0,0.3333333333333333,6
14,1,3,2,2,adp,1775.86,6.0,0.16666666666666666,0.3333333333333333,6
14,1,3,2,2,catboost,1732.1000000000001,6.5,0.0,0.3333333333333333,6
14,1,3,2,3,adp_guarded,2071.54,1.0,1.0,1.0,1
14,1,3,2,3,catboost,1937.76,1.0,1.0,1.0,1
14,1,3,2,3,adp,1882.3,5.0,0.0,0.0,1
14,1,3,2,3,vbd,1726.16,9.0,0.0,0.0,1
14,1,3,3,0,adp_guarded,1747.69,3.5,0.5,0.5,2
14,1,3,3,0,vbd,1557.56,8.5,0.0,0.0,2
14,1,3,3,0,adp,1534.32,10.0,0.0,0.0,2
14,1,3,3,0,catboost,1476.0300000000002,12.5,0.0,0.0,2
14,1,3,3,1,adp_guarded,1792.5857142857144,5.0,0.14285714285714285,0.42857142857142855,7
14,1,3,3,1,adp,1774.2714285714285,6.571428571428571,0.2857142857142857,0.42857142857142855,7
14,1,3,3,1,vbd,1657.9771428571428,8.714285714285714,0.0,0.0,7
14,1,3,3,1,catboost,1637.7542857142857,9.714285714285714,0.0,0.0,7
14,1,3,3,2,adp_guarded,1952.8733333333332,3.3333333333333335,0.0,0.6666666666666666,3
14,1,3,3,2,adp,1844.0199999999998,5.666666666666667,0.3333333333333333,0.6666666666666666,3
14,1,3,3,2,catboost,1701.3866666666665,12.333333333333334,0.0,0.0,3
14,1,3,3,2,vbd,1685.68,11.333333333333334,0.0,0.0,3
14,2,1,2,0,vbd,1467.76,3.0,0.0,1.0,2
14,2,1,2,0,catboost,1278.8000000000002,7.5,0.0,0.0,2
14,2,1,2,0,adp_guarded,1195.6399999999999,9.5,0.0,0.0,2
14,2,1,2,0,adp,1187.82,10.0,0.0,0.0,2
14,2,1,2,1,vbd,1662.0,1.0,1.0,1.0,1
14,2,1,2,1,adp,1623.98,1.0,1.0,1.0,1
14,2,1,2,1,catboost,1607.78,2.0,0.0,1.0,1
14,2,1,2,1,adp_guarded,1573.02,6.0,0.0,0.0,1
14,2,2,2,0,vbd,1652.435,4.25,0.0,0.75,4
14,2,2,2,0,adp,1541.915,6.25,0.0,0.0,4
14,2,2,2,0,adp_guarded,1527.135,7.25,0.0,0.0,4
14,2,2,2,0,catboost,1518.055,7.25,0.0,0.25,4
14,2,2,2,1,adp_guarded,1736.0186666666666,5.866666666666666,0.0,0.4,15
14,2,2,2,1,catboost,1716.4373333333335,5.933333333333334,0.0,0.3333333333333333,15
14,2,2,2,1,adp,1707.8319999999999,6.333333333333333,0.06666666666666667,0.26666666666666666,15
14,2,2,2,1,vbd,1683.8906666666667,7.4,0.0,0.2,15
14,2,2,2,2,adp,1909.435,4.5,0.25,0.5,4
14,2,2,2,2,adp_guarded,1843.315,6.25,0.0,0.25,4
14,2,2,2,2,catboost,1798.045,7.5,0.0,0.25,4
14,2,2,2,2,vbd,1753.6599999999999,9.0,0.0,0.0,4
14,2,2,3,0,adp_guarded,1863.8700000000001,5.0,0.5,0.5,2
14,2,2,3,0,catboost,1588.6100000000001,9.5,0.0,0.0,2
14,2,2,3,0,vbd,1587.2,9.5,0.0,0.0,2
14,2,2,3,0,adp,1579.73,9.5,0.0,0.0,2
14,2,2,3,1,catboost,1889.748,4.8,0.2,0.4,5
14,2,2,3,1,vbd,1786.92,7.8,0.0,0.0,5
14,2,2,3,1,adp_guarded,1785.5080000000003,6.0,0.2,0.6,5
14,2,2,3,1,adp,1774.4560000000001,8.2,0.0,0.2,5
14,2,2,3,2,adp_guarded,2003.3333333333333,5.833333333333333,0.16666666666666666,0.3333333333333333,6
14,2,2,3,2,vbd,1958.5433333333333,6.666666666666667,0.0,0.0,6
14,2,2,3,2,catboost,1935.18,6.666666666666667,0.0,0.0,6
14,2,2,3,2,adp,1872.4633333333334,8.5,0.0,0.0,6
14,2,3,2,1,adp,1945.04,3.0,0.0,1.0,1
14,2,3,2,1,catboost,1882.44,4.0,0.0,0.0,1
14,2,3,2,1,vbd,1806.52,7.0,0.0,0.0,1
14,2,3,2,1,adp_guarded,1688.32,11.0,0.0,0.0,1
14,2,3,2,2,adp_guarded,2050.12,5.0,0.0,0.5,2
14,2,3,2,2,catboost,1971.75,5.5,0.0,0.0,2
14,2,3,2,2,vbd,1937.9099999999999,6.5,0.0,0.0,2
14,2,3,2,2,adp,1797.19,11.0,0.0,0.0,2
14,2,3,3,1,adp_guarded,2063.64,4.666666666666667,0.0,0.6666666666666666,3
14,2,3,3,1,catboost,2044.6733333333334,4.0,0.3333333333333333,0.3333333333333333,3
14,2,3,3,1,vbd,1912.2133333333331,7.333333333333333,0.0,0.0,3
14,2,3,3,1,adp,1902.8533333333332,7.666666666666667,0.0,0.0,3
