player_id,name,position,team,status,age,exp,dc_rank,room_order,l1_fantasy_points_half,proj_std,proj_half,proj_ppr,p10_half,p90_half,pos_rank_half
00-0034857,Josh Allen,QB,BUF,ACT,30.3,8.0,1.0,1.0,364.6,318.7,309.9,314.5,209.0,417.5,1
00-0036389,Jalen Hurts,QB,PHI,ACT,28.1,6.0,1.0,1.0,301.1,287.2,287.8,278.7,186.9,395.4,2
00-0034796,Lamar Jackson,QB,BAL,ACT,29.6,8.0,1.0,1.0,214.9,285.5,284.1,286.6,183.2,391.7,3
00-0039918,Caleb Williams,QB,CHI,ACT,24.8,2.0,1.0,1.0,317.7,282.2,283.9,285.5,183.0,391.5,4
00-0039732,Bo Nix,QB,DEN,ACT,26.5,2.0,1.0,1.0,304.8,285.1,283.8,284.7,182.9,391.4,5
00-0034855,Baker Mayfield,QB,TB,ACT,31.4,8.0,1.0,1.0,271.9,283.0,279.9,281.6,179.0,387.5,6
00-0033106,Jared Goff,QB,DET,ACT,31.9,10.0,1.0,1.0,297.1,272.1,278.7,283.6,177.8,386.3,7
00-0039851,Drake Maye,QB,NE,ACT,24.0,2.0,1.0,1.0,351.5,275.6,272.6,277.7,171.7,380.2,8
00-0033873,Patrick Mahomes,QB,KC,ACT,31.0,9.0,1.0,1.0,285.2,271.3,265.4,264.9,164.5,373.0,9
00-0036442,Joe Burrow,QB,CIN,ACT,29.7,6.0,1.0,1.0,134.5,266.5,261.5,258.0,160.6,369.1,10
00-0036355,Justin Herbert,QB,LAC,ACT,28.5,6.0,1.0,1.0,286.9,263.7,259.8,255.9,158.9,367.4,11
00-0039910,Jayden Daniels,QB,WAS,ACT,25.7,2.0,1.0,1.0,114.3,247.7,251.7,244.6,150.8,359.3,12
00-0036971,Trevor Lawrence,QB,JAX,ACT,26.9,5.0,1.0,1.0,338.2,249.6,251.0,254.4,150.1,358.6,13
00-0038542,Bijan Robinson,RB,ATL,ACT,24.6,3.0,1.0,1.0,331.3,231.9,248.9,269.0,133.7,371.8,1
00-0039075,Puka Nacua,WR,LA,ACT,25.3,3.0,1.0,1.0,310.5,197.3,246.8,306.1,168.1,320.9,1
00-0038543,Jaxon Smith-Njigba,WR,SEA,ACT,24.5,3.0,1.0,1.0,300.4,187.7,245.3,306.3,166.6,319.4,2
00-0040691,Jaxson Dart,QB,NYG,ACT,23.3,1.0,1.0,1.0,241.6,249.0,244.2,244.2,143.3,351.8,14
00-0036963,Amon-Ra St. Brown,WR,DET,ACT,26.9,5.0,1.0,1.0,265.5,190.2,243.0,303.4,164.3,317.1,3
00-0039139,Jahmyr Gibbs,RB,DET,ACT,24.5,3.0,1.0,1.0,328.4,213.0,242.5,274.8,127.3,365.4,2
00-0036223,Jonathan Taylor,RB,IND,ACT,27.6,6.0,1.0,1.0,339.3,220.8,239.4,257.8,124.2,362.3,3
00-0037834,Brock Purdy,QB,SF,ACT,26.7,4.0,1.0,1.0,177.4,232.8,237.2,238.2,136.3,344.8,15
00-0039040,De'Von Achane,RB,MIA,ACT,24.9,3.0,1.0,1.0,289.3,210.0,232.6,258.8,117.4,355.5,4
00-0033077,Dak Prescott,QB,DAL,ACT,33.1,10.0,1.0,1.0,313.8,231.8,227.6,230.4,126.7,335.2,16
00-0036900,Ja'Marr Chase,WR,CIN,ACT,26.5,5.0,1.0,1.0,251.1,184.2,226.6,275.2,147.9,300.7,4
00-0032764,Derrick Henry,RB,BAL,ACT,32.7,10.0,1.0,1.0,272.0,216.9,223.8,244.2,108.6,346.7,5
00-0034869,Sam Darnold,QB,SEA,ACT,29.2,8.0,1.0,1.0,235.4,226.3,223.4,227.5,122.5,331.0,17
00-0026498,Matthew Stafford,QB,LA,ACT,38.6,17.0,1.0,1.0,350.4,223.1,220.2,223.7,119.3,327.8,18
00-0035228,Kyler Murray,QB,MIN,ACT,29.1,7.0,1.0,1.0,77.8,206.4,219.7,223.6,118.8,327.3,19
00-0036264,Jordan Love,QB,GB,ACT,27.8,6.0,1.0,1.0,235.1,212.8,213.6,214.4,112.7,321.2,20
00-0041027,Jeremiyah Love,RB,ARI,ACT,21.3,0.0,1.0,1.0,,183.3,213.3,234.3,98.1,336.2,6
00-0037248,James Cook,RB,BUF,ACT,26.9,4.0,1.0,1.0,285.7,190.6,211.7,219.7,96.5,334.6,7
00-0035710,Daniel Jones,QB,IND,ACT,29.3,7.0,1.0,1.0,226.4,216.0,211.5,205.8,110.6,319.1,21
00-0033280,Christian McCaffrey,RB,SF,ACT,30.2,9.0,1.0,1.0,365.6,186.4,210.1,235.3,94.9,333.0,8
00-0039150,Bryce Young,QB,CAR,ACT,25.1,3.0,1.0,1.0,218.0,205.9,206.0,204.3,105.1,313.6,22
00-0040122,Ashton Jeanty,RB,LV,ACT,22.7,1.0,1.0,1.0,217.6,186.5,205.2,226.5,90.0,328.1,9
00-0040676,Cam Ward,QB,TEN,ACT,24.3,1.0,1.0,1.0,186.7,203.0,205.0,207.2,104.1,312.6,23
00-0037840,Kyren Williams,RB,LA,ACT,26.0,4.0,1.0,1.0,245.3,191.9,203.1,215.4,87.9,326.0,10
00-0036322,Justin Jefferson,WR,MIN,ACT,27.2,6.0,1.0,1.0,159.5,150.7,201.1,234.5,122.4,275.2,5
00-0039163,C.J. Stroud,QB,HOU,ACT,24.9,3.0,1.0,1.0,208.5,193.8,200.2,200.6,99.3,307.8,24
00-0036554,Nico Collins,WR,HOU,ACT,27.5,5.0,1.0,1.0,190.7,155.8,199.7,232.4,121.0,273.8,6
00-0037238,Drake London,WR,ATL,ACT,25.1,4.0,1.0,1.0,167.9,155.1,197.7,240.9,119.0,271.8,7
00-0040715,Cam Skattebo,RB,NYG,ACT,24.6,1.0,1.0,1.0,115.7,175.4,197.2,212.9,82.0,320.1,11
00-0036358,CeeDee Lamb,WR,DAL,ACT,27.4,6.0,1.0,1.0,163.4,155.5,195.6,237.9,116.9,269.7,8
00-0034844,Saquon Barkley,RB,PHI,ACT,29.6,8.0,1.0,1.0,213.8,178.6,194.7,212.0,79.5,317.6,12
00-0040666,Omarion Hampton,RB,LAC,ACT,23.5,1.0,1.0,1.0,119.7,176.6,193.1,206.1,77.9,316.0,13
00-0023459,Aaron Rodgers,QB,PIT,ACT,42.7,21.0,1.0,1.0,226.6,192.4,185.6,176.8,84.7,293.2,25
00-0040743,Tyler Shough,QB,NO,ACT,26.9,1.0,1.0,1.0,158.0,185.9,183.8,190.9,82.9,291.4,26
00-0038120,Breece Hall,RB,NYJ,ACT,25.3,4.0,1.0,1.0,189.7,162.5,183.0,194.2,67.8,305.9,14
00-0033119,Jacoby Brissett,QB,ARI,ACT,33.7,10.0,1.0,1.0,227.4,182.5,182.1,176.2,81.2,289.7,27
00-0038597,Chase Brown,RB,CIN,ACT,26.4,3.0,1.0,1.0,248.1,163.1,180.4,200.4,65.2,303.3,15
00-0030565,Geno Smith,QB,NYJ,ACT,35.9,13.0,1.0,1.0,173.9,176.7,178.7,173.9,84.1,306.1,28
00-0039064,Zay Flowers,WR,BAL,ACT,26.0,3.0,1.0,1.0,200.3,136.8,178.7,218.4,99.0,249.0,9
00-0039337,Malik Nabers,WR,NYG,ACT,23.1,2.0,1.0,1.0,48.1,139.6,178.6,216.6,98.9,248.9,10
00-0035676,A.J. Brown,WR,NE,ACT,29.2,7.0,1.0,1.0,181.3,136.7,177.4,216.4,97.7,247.7,11
00-0039067,Rashee Rice,WR,KC,ACT,26.4,3.0,1.0,1.0,123.6,133.1,171.7,211.9,92.0,242.0,12
00-0039893,Brian Thomas Jr.,WR,JAX,ACT,23.9,2.0,1.0,1.0,114.8,134.9,170.5,200.8,90.8,240.8,13
00-0040124,Tetairoa McMillan,WR,CAR,ACT,23.4,1.0,1.0,1.0,178.4,135.1,169.0,199.2,89.3,239.3,14
00-0041438,Carnell Tate,WR,TEN,ACT,21.6,0.0,1.0,1.0,,137.6,167.3,188.7,87.6,237.6,15
00-0038134,Kenneth Walker III,RB,KC,ACT,25.9,4.0,1.0,1.0,176.4,153.7,166.8,185.6,79.7,267.2,16
00-0040129,Emeka Egbuka,WR,TB,ACT,23.9,1.0,1.0,1.0,164.2,131.2,165.5,199.8,85.8,235.8,16
00-0036275,D'Andre Swift,RB,CHI,ACT,27.6,6.0,1.0,1.0,211.6,144.3,162.6,183.8,75.5,263.0,17
00-0039361,Bucky Irving,RB,TB,ACT,24.0,2.0,1.0,1.0,123.5,138.4,162.1,174.5,75.0,262.5,18
00-0041512,Jadarian Price,RB,SEA,ACT,22.9,0.0,1.0,1.0,,144.3,159.7,179.7,72.6,260.1,19
00-0040663,Harold Fannin Jr.,TE,CLE,ACT,22.1,1.0,1.0,1.0,150.4,117.5,156.6,198.1,87.6,208.1,1
00-0039915,Ladd McConkey,WR,LAC,ACT,24.8,2.0,1.0,1.0,147.9,123.1,156.4,188.3,76.7,226.7,17
00-0039338,Brock Bowers,TE,LV,INA,23.7,2.0,1.0,1.0,144.2,120.2,155.0,181.1,86.0,206.5,2
00-0036970,Kyle Pitts,TE,ATL,ACT,25.9,5.0,1.0,1.0,166.8,112.6,155.0,192.2,86.0,206.5,3
00-0033537,Deshaun Watson,QB,CLE,ACT,31.0,9.0,1.0,1.0,,149.7,152.5,147.8,57.9,279.9,29
00-0036973,Travis Etienne,RB,NO,ACT,27.6,5.0,1.0,1.0,235.9,129.8,151.2,163.7,64.1,251.6,20
00-0037664,Alec Pierce,WR,IND,ACT,26.3,4.0,1.0,1.0,159.8,119.5,150.3,168.7,70.6,220.6,18
00-0037240,Jameson Williams,WR,DET,ACT,25.4,4.0,2.0,2.0,187.4,119.4,150.0,179.9,70.3,220.3,19
00-0037744,Trey McBride,TE,ARI,ACT,26.8,4.0,1.0,1.0,252.9,110.4,150.0,200.0,81.0,201.5,4
00-0036997,Javonte Williams,RB,DAL,ACT,26.4,5.0,1.0,1.0,225.3,135.1,148.3,175.0,61.2,248.7,21
00-0033293,Aaron Jones,RB,MIN,ACT,31.7,9.0,1.0,1.0,104.7,130.6,148.1,157.0,61.0,248.5,22
00-0036912,DeVonta Smith,WR,PHI,ACT,27.8,5.0,1.0,1.0,163.3,113.6,147.6,184.9,67.9,217.9,20
00-0029604,Kirk Cousins,QB,LV,ACT,38.0,14.0,1.0,1.0,103.5,147.8,147.2,136.4,52.6,274.6,30
00-0035685,David Montgomery,RB,HOU,ACT,29.2,7.0,1.0,1.0,154.9,138.8,146.5,156.8,59.4,246.9,23
00-0040784,Quinshon Judkins,RB,CLE,ACT,22.8,1.0,1.0,1.0,156.8,137.6,143.5,161.1,56.4,243.9,24
00-0040242,Jacory Croskey-Merritt,RB,WAS,ACT,25.4,1.0,1.0,1.0,135.8,131.2,142.6,148.1,55.5,243.0,25
00-0036212,Tua Tagovailoa,QB,ATL,INA,28.5,6.0,1.0,1.0,160.7,145.3,141.5,139.7,46.9,268.9,31
00-0036613,Jaylen Waddle,WR,DEN,ACT,27.8,5.0,1.0,1.0,162.1,108.4,141.3,165.3,61.6,211.6,21
00-0040128,Tyler Warren,TE,IND,ACT,24.3,1.0,1.0,1.0,150.5,99.2,140.4,177.4,71.4,191.9,5
00-0037247,George Pickens,WR,DAL,ACT,25.5,4.0,2.0,2.0,245.4,116.4,140.3,178.4,60.6,210.6,22
00-0035640,DK Metcalf,WR,PIT,ACT,28.7,7.0,1.0,1.0,157.7,112.6,140.1,167.1,60.4,210.4,23
00-0037239,Chris Olave,WR,NO,ACT,26.2,4.0,1.0,1.0,218.0,107.3,140.1,176.0,60.4,210.4,24
00-0037228,Jaylen Warren,RB,PIT,ACT,27.8,4.0,1.0,1.0,197.1,122.7,139.9,151.8,52.8,240.3,26
00-0033288,George Kittle,TE,SF,ACT,32.9,9.0,1.0,1.0,133.0,114.2,139.3,172.9,70.3,190.8,6
00-0036410,Tee Higgins,WR,CIN,ACT,27.6,6.0,2.0,2.0,182.1,117.4,138.2,166.6,58.5,208.5,25
00-0038128,Malik Willis,QB,MIA,ACT,27.3,4.0,1.0,1.0,51.2,139.0,136.6,136.2,42.0,264.0,32
00-0041562,Fernando Mendoza,QB,LV,ACT,22.9,0.0,2.0,2.0,,139.6,136.2,139.2,41.6,263.6,33
00-0040126,Colston Loveland,TE,CHI,ACT,22.4,1.0,1.0,1.0,136.1,106.9,136.1,170.8,67.1,187.6,7
00-0038563,Tre Tucker,WR,LV,ACT,25.5,3.0,1.0,1.0,133.2,107.5,135.8,155.5,56.1,206.1,26
00-0040730,RJ Harvey,RB,DEN,ACT,25.6,1.0,2.0,2.0,183.1,115.0,132.7,147.4,45.6,233.1,27
00-0034827,DJ Moore,WR,BUF,ACT,29.4,8.0,1.0,1.0,147.2,101.2,132.2,162.7,52.5,202.5,27
00-0039919,Rome Odunze,WR,CHI,ACT,24.2,2.0,1.0,1.0,124.1,107.0,131.7,158.8,52.0,202.0,28
00-0041547,KC Concepcion,WR,CLE,ACT,21.9,0.0,2.0,2.0,,105.6,130.8,150.4,51.1,201.1,29
00-0038124,Christian Watson,WR,GB,ACT,27.3,4.0,1.0,1.0,114.9,106.5,130.3,149.0,50.6,200.6,30
00-0036158,J.K. Dobbins,RB,DEN,ACT,27.7,6.0,1.0,1.0,110.4,124.7,130.2,129.1,43.1,230.6,28
00-0037740,Garrett Wilson,WR,NYJ,ACT,26.1,4.0,1.0,1.0,81.5,96.2,128.5,158.9,61.6,198.0,31
00-0038994,Jordan Addison,WR,MIN,ACT,24.6,3.0,2.0,2.0,114.1,101.5,128.3,156.0,61.4,197.8,32
00-0036875,Rhamondre Stevenson,RB,NE,ACT,28.5,5.0,1.0,1.0,162.8,110.7,124.1,136.0,53.2,212.8,29
00-0030506,Travis Kelce,TE,KC,ACT,36.9,13.0,1.0,1.0,155.2,87.6,122.7,159.4,76.1,176.0,8
00-0031408,Mike Evans,WR,SF,ACT,33.0,12.0,1.0,1.0,69.8,101.6,122.7,153.4,55.8,192.2,33
00-0036555,Chuba Hubbard,RB,CAR,ACT,27.2,5.0,1.0,1.0,110.4,104.1,122.5,133.3,51.6,211.2,30
00-0040735,Luther Burden III,WR,CHI,ACT,22.7,1.0,2.0,2.0,104.4,94.1,122.4,145.7,55.5,191.9,34
00-0039065,Sam LaPorta,TE,DET,ACT,25.6,3.0,1.0,1.0,86.9,92.1,122.1,152.1,75.5,175.4,9
00-0031381,Davante Adams,WR,LA,ACT,33.7,12.0,2.0,2.0,192.9,97.7,121.9,164.1,55.0,191.4,35
00-0035261,Tony Pollard,RB,TEN,ACT,29.3,7.0,1.0,1.0,169.3,110.1,121.3,137.5,50.4,210.0,31
00-0040236,Kyle Monangai,RB,CHI,ACT,24.2,1.0,2.0,2.0,137.7,109.2,121.3,130.6,50.4,210.0,32
00-0038117,Wan'Dale Robinson,WR,TEN,ACT,25.7,4.0,2.0,2.0,171.9,87.2,119.6,149.4,52.7,189.1,36
00-0039849,Marvin Harrison Jr.,WR,ARI,ACT,24.1,2.0,1.0,1.0,107.3,99.5,119.3,140.9,52.4,188.8,37
00-0038544,Quentin Johnston,WR,LAC,ACT,25.0,3.0,2.0,2.0,145.7,96.1,118.9,141.8,52.0,188.4,38
00-0038606,Parker Washington,WR,JAX,ACT,24.4,3.0,2.0,2.0,155.7,94.0,118.2,139.9,51.3,187.7,39
00-0036919,Kenny Gainwell,RB,TB,ACT,27.5,5.0,2.0,2.0,184.8,101.7,116.9,131.6,46.0,205.6,33
00-0038559,Michael Wilson,WR,ARI,ACT,26.5,3.0,2.0,2.0,181.6,95.7,116.8,144.4,49.9,186.3,40
00-0040734,TreVeyon Henderson,RB,NE,INA,23.9,1.0,2.0,2.0,188.7,109.4,116.7,119.4,45.8,205.4,34
00-0040719,Bhayshul Tuten,RB,JAX,ACT,24.5,1.0,1.0,1.0,83.6,102.3,113.7,126.9,42.8,202.4,35
00-0037261,Khalil Shakir,WR,BUF,ACT,26.6,4.0,2.0,2.0,130.4,79.0,112.5,141.3,45.6,182.0,41
00-0035659,Terry McLaurin,WR,WAS,ACT,31.0,7.0,1.0,1.0,95.2,89.0,109.7,130.6,42.8,179.2,42
00-0036407,Jerry Jeudy,WR,CLE,ACT,27.4,6.0,1.0,1.0,95.7,83.1,109.3,127.8,42.4,178.8,43
00-0035719,Deebo Samuel Sr.,WR,SF,ACT,30.6,7.0,2.0,2.0,152.2,88.7,109.2,136.1,42.3,178.7,44
00-0038997,Josh Downs,WR,IND,ACT,25.1,3.0,2.0,2.0,109.4,80.2,109.1,131.2,42.2,178.6,45
00-0038041,Jake Ferguson,TE,DAL,ACT,27.6,4.0,1.0,1.0,147.1,78.8,108.0,130.5,61.4,161.3,10
00-0038996,Tucker Kraft,TE,GB,ACT,25.8,3.0,1.0,1.0,101.2,82.0,107.6,135.4,61.0,160.9,11
00-0039032,Tyjae Spears,RB,TEN,ACT,25.2,3.0,2.0,2.0,89.2,86.5,107.4,120.5,36.5,196.1,36
00-0039384,Tyrone Tracy Jr.,RB,NYG,ACT,26.8,2.0,2.0,2.0,142.8,89.7,106.9,117.3,36.0,195.6,37
00-0033090,Hunter Henry,TE,NE,ACT,31.7,10.0,1.0,1.0,148.8,81.2,105.7,131.9,59.1,159.0,12
00-0041032,Kenyon Sadiq,TE,NYJ,ACT,21.5,0.0,2.0,2.0,,83.8,105.5,123.4,58.9,158.8,13
00-0036252,Michael Pittman,WR,PIT,ACT,28.9,6.0,2.0,2.0,162.4,81.8,104.9,128.7,38.0,174.4,46
00-0034351,Dallas Goedert,TE,PHI,ACT,31.7,8.0,1.0,1.0,155.1,80.8,104.7,122.8,58.1,158.0,14
00-0034348,Courtland Sutton,WR,DEN,ACT,30.9,8.0,2.0,2.0,182.7,85.2,104.5,125.4,37.6,174.0,47
00-0039738,Blake Corum,RB,LA,ACT,25.8,2.0,2.0,2.0,118.2,95.4,103.1,105.5,32.2,191.8,38
00-0037256,Rachaad White,RB,WAS,ACT,27.6,4.0,2.0,2.0,123.0,90.8,102.7,111.4,31.8,191.4,39
00-0039894,Xavier Worthy,WR,KC,ACT,23.3,2.0,2.0,2.0,88.9,87.9,102.1,123.4,35.2,171.6,48
00-0037816,Romeo Doubs,WR,NE,ACT,26.4,4.0,2.0,2.0,137.9,80.3,101.3,119.6,34.4,170.8,49
00-0038933,Dalton Kincaid,TE,BUF,ACT,26.9,3.0,1.0,1.0,106.6,79.1,99.6,131.6,53.0,152.9,15
00-0034753,Mark Andrews,TE,BAL,ACT,31.0,8.0,1.0,1.0,107.0,73.8,99.4,126.3,52.8,152.7,16
00-0037545,Rashid Shaheed,WR,SEA,ACT,28.0,4.0,2.0,2.0,127.1,78.5,99.3,114.4,32.4,168.8,50
00-0034383,Dalton Schultz,TE,HOU,ACT,30.1,8.0,1.0,1.0,136.7,68.6,98.0,125.8,51.4,151.3,17
00-0039793,AJ Barner,TE,SEA,ACT,24.3,2.0,1.0,1.0,121.3,69.7,97.4,127.5,50.8,150.7,18
00-0039868,Troy Franklin,WR,DEN,ACT,23.6,2.0,3.0,3.0,144.6,71.9,94.5,114.5,27.6,164.0,51
00-0040583,Woody Marks,RB,HOU,ACT,25.7,1.0,2.0,2.0,133.1,81.7,94.2,105.4,23.3,182.9,40
00-0036040,Juwan Johnson,TE,NO,ACT,30.0,6.0,1.0,1.0,141.4,66.0,94.1,114.1,47.5,147.4,19
00-0031588,Stefon Diggs,WR,WAS,ACT,32.8,11.0,2.0,2.0,167.8,72.9,93.9,119.7,27.0,163.4,52
00-0038129,Cade Otton,TE,TB,ACT,27.4,4.0,1.0,1.0,92.7,65.6,93.8,119.4,47.2,147.1,20
00-0040162,Dylan Sampson,RB,CLE,ACT,22.0,1.0,2.0,2.0,71.1,77.7,92.6,106.8,21.7,181.3,41
00-0039875,Ray Davis,RB,BUF,ACT,26.8,2.0,2.0,2.0,59.1,80.8,91.6,100.3,20.7,180.3,42
00-0037809,Chig Okonkwo,TE,WAS,ACT,27.0,4.0,1.0,1.0,96.0,63.7,90.4,116.0,43.8,143.7,21
00-0039146,Jayden Reed,WR,GB,ACT,26.3,3.0,2.0,2.0,39.0,73.5,90.2,103.6,23.3,159.7,53
00-0035229,T.J. Hockenson,TE,MIN,ACT,29.2,7.0,1.0,1.0,87.3,61.5,87.1,114.8,40.5,140.4,22
00-0036139,Rico Dowdle,RB,PIT,ACT,28.2,6.0,2.0,2.0,196.8,82.2,87.1,97.9,16.2,175.8,43
00-0039880,Malik Washington,WR,MIA,ACT,25.9,2.0,1.0,1.0,93.7,65.1,87.0,102.2,20.1,156.5,54
00-0040867,Makai Lemon,WR,PHI,ACT,22.2,0.0,3.0,3.0,,67.1,86.5,99.9,19.6,156.0,55
00-0037525,Jordan Mason,RB,MIN,ACT,27.3,4.0,2.0,2.0,121.9,79.9,86.1,96.6,15.2,174.8,44
00-0033921,Chris Godwin Jr.,WR,TB,ACT,30.5,9.0,2.0,2.0,66.5,67.6,84.7,100.5,17.8,154.2,56
00-0033881,Evan Engram,TE,DEN,ACT,32.0,9.0,1.0,1.0,77.8,63.6,84.6,111.3,38.0,137.9,23
00-0041511,Omar Cooper Jr.,WR,NYJ,ACT,22.7,0.0,3.0,3.0,,65.6,84.3,98.7,17.4,153.8,57
00-0038935,Brenton Strange,TE,JAX,ACT,25.7,3.0,1.0,1.0,95.0,65.9,83.5,100.9,36.9,136.8,24
00-0037291,Jalen Nailor,WR,LV,ACT,27.5,4.0,2.0,2.0,86.2,63.6,82.3,89.0,15.4,151.8,58
00-0034960,Jakobi Meyers,WR,JAX,ACT,29.8,7.0,3.0,3.0,138.3,53.2,81.0,102.3,14.1,150.5,59
00-0037263,Tyler Allgeier,RB,ARI,ACT,26.4,4.0,2.0,2.0,116.0,72.3,80.1,79.9,9.2,168.8,45
00-0036945,Justin Fields,QB,KC,ACT,27.5,5.0,2.0,2.0,142.7,89.9,79.5,76.6,29.5,154.9,34
00-0030279,Keenan Allen,WR,IND,ACT,34.3,13.0,3.0,3.0,142.2,56.9,78.5,95.1,32.2,137.7,60
00-0041035,De'Zhaun Stribling,WR,SF,ACT,23.7,0.0,3.0,3.0,,60.5,78.4,90.9,32.1,137.6,61
00-0039811,MarShawn Lloyd,RB,GB,ACT,25.7,2.0,1.0,1.0,,74.9,78.3,89.0,31.0,146.9,46
00-0036894,Pat Freiermuth,TE,PIT,ACT,27.9,5.0,1.0,1.0,93.1,57.9,77.5,101.7,38.1,124.7,25
00-0039890,Adonai Mitchell,WR,NYJ,ACT,23.9,2.0,2.0,2.0,71.4,58.1,76.7,82.4,30.4,135.9,62
00-0041013,Emmett Johnson,RB,KC,ACT,22.9,0.0,2.0,2.0,,67.4,76.2,88.1,28.9,144.8,47
00-0036550,Rashod Bateman,WR,BAL,ACT,26.8,5.0,2.0,2.0,45.9,59.9,75.5,89.5,29.2,134.7,63
00-0036259,Jauan Jennings,WR,MIN,ACT,29.1,6.0,3.0,3.0,145.8,56.8,75.5,94.4,29.2,134.7,64
00-0033906,Alvin Kamara,RB,NO,INA,31.1,9.0,2.0,2.0,84.2,66.1,75.2,80.1,27.9,143.8,48
00-0040189,Oronde Gadsden II,TE,LAC,ACT,23.2,1.0,3.0,3.0,106.9,58.4,75.1,95.4,35.7,122.3,26
00-0036244,Colby Parkinson,TE,LA,ACT,27.6,6.0,1.0,1.0,108.3,55.2,75.1,99.4,35.7,122.3,27
00-0037838,Isaiah Likely,TE,NYG,ACT,26.4,4.0,1.0,1.0,48.2,53.4,74.8,95.1,35.4,122.0,28
00-0040584,Gunnar Helm,TE,TEN,ACT,24.0,1.0,1.0,1.0,69.7,50.0,74.1,93.9,34.7,121.3,29
00-0036309,Darnell Mooney,WR,NYG,ACT,28.8,6.0,2.0,2.0,66.3,56.6,73.6,87.5,27.3,132.8,65
00-0034829,Mike Gesicki,TE,CIN,ACT,30.9,8.0,1.0,1.0,56.7,54.2,73.3,94.6,33.9,120.5,30
00-0038611,Chris Rodriguez Jr.,RB,JAX,ACT,26.9,3.0,2.0,2.0,90.5,71.7,73.2,80.6,25.9,141.8,49
00-0041040,Antonio Williams,WR,WAS,ACT,22.1,0.0,3.0,3.0,,58.0,71.2,84.2,24.9,130.4,66
00-0038555,Tank Bigsby,RB,PHI,ACT,24.0,3.0,2.0,2.0,52.3,65.7,70.9,80.6,23.6,139.5,50
00-0038393,Dontayvion Wicks,WR,PHI,ACT,25.2,3.0,2.0,2.0,60.8,55.3,70.1,81.9,23.8,129.3,67
00-0039874,Jaylen Wright,RB,MIA,ACT,23.4,2.0,2.0,2.0,45.7,60.8,69.9,71.8,22.6,138.5,51
00-0039847,Theo Johnson,TE,NYG,ACT,25.5,2.0,2.0,2.0,105.3,52.8,69.0,81.6,29.6,116.2,31
00-0039491,Jalen Coker,WR,CAR,ACT,24.8,2.0,2.0,2.0,73.9,56.3,68.9,82.3,22.6,128.1,68
00-0040878,Mike Washington Jr.,RB,LV,ACT,23.2,0.0,2.0,2.0,,61.8,68.7,78.5,21.4,137.3,52
00-0040736,Mason Taylor,TE,NYJ,ACT,22.3,1.0,1.0,1.0,66.9,49.8,68.6,89.5,29.2,115.8,32
00-0039344,Jonathon Brooks,RB,CAR,ACT,23.1,2.0,2.0,2.0,,60.6,68.0,70.6,20.7,136.6,53
00-0037746,Brian Robinson,RB,ATL,ACT,27.4,4.0,2.0,2.0,58.5,62.2,67.3,77.1,20.0,135.9,54
00-0033858,Jonnu Smith,TE,GB,ACT,31.0,9.0,2.0,2.0,66.2,49.8,67.2,82.4,27.8,114.4,33
00-0039901,Keon Coleman,WR,BUF,ACT,23.3,2.0,3.0,3.0,83.4,53.8,66.4,72.8,20.1,125.6,69
00-0041052,Kaelon Black,RB,SF,ACT,24.9,0.0,2.0,2.0,,67.0,66.1,71.3,18.8,134.7,55
00-0038618,Xavier Hutchinson,WR,HOU,ACT,26.3,3.0,2.0,2.0,80.5,53.0,66.0,77.9,19.7,125.2,70
00-0034975,Justice Hill,RB,BAL,ACT,28.8,7.0,2.0,2.0,54.7,57.4,65.7,72.0,18.4,134.3,56
00-0033526,Samaje Perine,RB,CIN,ACT,31.0,9.0,2.0,2.0,69.4,58.5,65.4,74.1,18.1,134.0,57
00-0038454,Keaton Mitchell,RB,LAC,ACT,24.6,3.0,2.0,2.0,50.9,57.9,65.2,71.1,17.9,133.8,58
00-0037252,Greg Dulcich,TE,MIA,ACT,26.4,4.0,1.0,1.0,49.8,46.3,65.1,79.8,25.7,112.3,34
00-0038976,Marvin Mims Jr.,WR,DEN,ACT,24.5,3.0,4.0,4.0,76.5,51.0,64.7,77.2,18.4,123.9,71
00-0035700,Josh Jacobs,RB,GB,EXE,28.6,7.0,4.0,4.0,219.1,58.8,64.5,83.1,17.2,133.1,59
00-0041489,Germie Bernard,WR,PIT,ACT,22.7,0.0,4.0,4.0,,49.3,64.4,80.8,18.1,123.6,72
00-0040727,Tre Harris,WR,LAC,ACT,24.5,1.0,3.0,3.0,54.4,50.5,64.3,77.6,18.0,123.5,73
00-0041037,Denzel Boston,WR,CLE,ACT,22.7,0.0,3.0,3.0,,54.9,63.7,78.2,17.4,122.9,74
00-0033908,Cooper Kupp,WR,SEA,ACT,33.2,9.0,3.0,3.0,92.8,49.0,62.5,74.0,16.2,121.7,75
00-0035250,Devin Singletary,RB,NYG,ACT,29.0,7.0,4.0,4.0,99.8,58.3,62.0,69.2,14.7,130.6,60
00-0026158,Joe Flacco,QB,CIN,ACT,41.6,18.0,2.0,2.0,146.7,62.5,60.4,64.4,10.4,135.8,35
00-0038797,Emanuel Wilson,RB,SEA,ACT,27.3,3.0,3.0,3.0,87.0,52.5,59.3,66.1,12.0,127.9,61
00-0036290,Cole Kmet,TE,CHI,ACT,27.5,6.0,2.0,2.0,63.7,44.3,58.8,72.4,19.4,106.0,35
00-0039798,Isaiah Davis,RB,NYJ,ACT,24.5,2.0,3.0,3.0,60.7,48.9,58.8,65.9,11.5,127.4,62
00-0037005,Tommy Tremble,TE,CAR,ACT,26.2,5.0,1.0,1.0,50.4,43.5,58.7,71.6,19.3,105.9,36
00-0039391,Kimani Vidal,RB,LAC,ACT,25.0,2.0,3.0,3.0,109.9,51.2,58.4,64.4,11.1,127.0,63
00-0040078,Brashard Smith,RB,KC,ACT,23.4,1.0,3.0,3.0,50.8,48.0,58.4,68.2,11.1,127.0,64
00-0036972,Mac Jones,QB,SF,ACT,28.0,5.0,2.0,2.0,130.0,61.2,57.5,57.0,7.5,132.9,36
00-0040667,Matthew Golden,WR,GB,ACT,23.1,1.0,3.0,3.0,55.5,46.9,57.4,65.4,11.1,116.6,76
00-0041523,Caleb Douglas,WR,MIA,ACT,23.0,0.0,3.0,3.0,,44.7,57.2,67.9,10.9,116.4,77
00-0033885,David Njoku,TE,LAC,ACT,30.1,9.0,2.0,2.0,69.8,40.8,57.1,73.3,17.7,104.3,37
00-0038608,Kayshon Boutte,WR,HOU,ACT,24.3,3.0,4.0,4.0,107.6,42.4,56.9,62.7,10.6,116.1,78
00-0039164,Anthony Richardson,QB,IND,ACT,24.3,3.0,2.0,2.0,1.7,56.8,56.4,55.0,6.4,131.8,37
00-0037741,Jahan Dotson,WR,ATL,ACT,26.4,4.0,2.0,2.0,41.2,44.3,56.3,62.6,10.0,115.5,79
00-0039424,Devaughn Vele,WR,NO,ACT,28.7,2.0,2.0,2.0,53.8,42.4,55.8,60.8,9.5,115.0,80
00-0040198,Ollie Gordon II,RB,MIA,ACT,22.6,1.0,3.0,3.0,50.6,50.4,55.7,59.9,8.4,124.3,65
00-0039923,J.J. McCarthy,QB,MIN,INA,23.6,2.0,2.0,2.0,125.4,58.5,55.6,56.1,5.6,131.0,38
00-0032268,Marcus Mariota,QB,WAS,ACT,32.8,11.0,2.0,2.0,125.5,63.6,55.3,52.3,5.3,130.7,39
00-0039410,Ryan Flournoy,WR,DAL,ACT,26.8,2.0,3.0,3.0,94.0,41.1,55.1,65.5,8.8,114.3,81
00-0039794,Braelon Allen,RB,NYJ,ACT,22.6,2.0,2.0,2.0,14.3,50.3,55.1,60.1,7.8,123.7,66
00-0040718,Travis Hunter,WR,JAX,ACT,23.3,1.0,4.0,4.0,,44.2,54.9,61.7,8.6,114.1,82
00-0038104,Tyquan Thornton,WR,KC,ACT,26.1,4.0,3.0,3.0,71.3,43.3,54.7,59.7,8.4,113.9,83
00-0040669,Isaac TeSlaa,WR,DET,ACT,24.5,1.0,3.0,3.0,67.9,44.6,54.4,67.4,8.1,113.6,84
00-0037112,Jake Tonges,TE,SF,ACT,27.2,4.0,2.0,2.0,76.3,41.1,54.4,64.7,15.0,101.6,38
00-0038621,DeMario Douglas,WR,NE,ACT,25.7,3.0,3.0,3.0,80.3,44.1,54.3,65.1,8.0,113.5,85
00-0040238,LeQuint Allen Jr.,RB,JAX,ACT,22.1,1.0,3.0,3.0,19.8,48.8,53.7,65.1,6.4,122.3,67
00-0039066,Michael Mayer,TE,LV,ACT,25.2,3.0,2.0,2.0,56.3,40.0,53.5,61.3,14.1,100.7,39
00-0040870,Ja'Kobi Lane,WR,BAL,ACT,22.1,0.0,3.0,3.0,,41.6,53.5,67.2,7.2,112.7,86
00-0039342,Xavier Legette,WR,CAR,ACT,25.6,2.0,3.0,3.0,71.8,42.3,53.4,56.6,7.1,112.6,87
00-0038046,Charlie Kolar,TE,LAC,ACT,27.6,4.0,1.0,1.0,31.2,39.9,53.4,68.6,14.0,100.6,40
00-0040138,Jaylin Noel,WR,HOU,ACT,24.0,1.0,3.0,3.0,55.4,42.4,53.2,60.5,6.9,112.4,88
00-0041048,Ted Hurst III,WR,TB,ACT,22.2,0.0,4.0,4.0,,42.2,53.2,62.2,6.9,112.4,89
00-0038619,Andrei Iosivas,WR,CIN,ACT,26.9,3.0,3.0,3.0,73.4,40.5,53.0,59.1,6.7,112.2,90
00-0040705,Chimere Dike,WR,TEN,ACT,24.7,1.0,4.0,4.0,104.1,35.7,52.5,64.6,6.2,111.7,91
00-0035689,Dawson Knox,TE,BUF,ACT,29.8,7.0,2.0,2.0,85.7,43.8,51.8,64.7,12.4,99.0,41
00-0041042,Malachi Fields,WR,NYG,ACT,23.0,0.0,3.0,3.0,,41.4,51.5,60.8,5.2,110.7,92
00-0035662,Marquise Brown,WR,PHI,ACT,29.2,7.0,4.0,4.0,113.2,35.5,51.4,67.2,5.1,110.6,93
00-0041525,Chris Bell,WR,MIA,ACT,22.2,0.0,4.0,4.0,,39.2,50.7,59.2,4.4,109.9,94
00-0041044,Zachariah Branch,WR,ATL,ACT,22.4,0.0,4.0,4.0,,40.8,50.4,59.9,4.1,109.6,95
00-0038558,Darnell Washington,TE,PIT,ACT,25.0,3.0,2.0,2.0,57.9,36.9,50.0,61.9,10.6,97.2,42
00-0037801,KaVontae Turpin,WR,DAL,ACT,30.1,4.0,4.0,4.0,71.5,41.6,49.9,57.8,3.6,109.1,96
00-0039041,Elijah Higgins,TE,ARI,ACT,25.8,3.0,2.0,2.0,43.1,39.9,49.7,61.0,10.3,96.9,43
00-0039165,Zach Charbonnet,RB,SEA,RES,25.6,3.0,4.0,4.0,171.4,44.2,49.2,54.1,1.9,117.8,68
00-0041395,Eli Raridon,TE,NE,ACT,22.6,0.0,2.0,2.0,,35.0,49.1,60.7,9.7,96.3,44
00-0040668,Shedeur Sanders,QB,CLE,ACT,24.6,1.0,2.0,2.0,84.9,49.3,49.1,51.0,0.0,124.5,40
00-0035644,Noah Fant,TE,NO,ACT,28.8,7.0,2.0,2.0,57.8,35.7,48.9,62.4,9.5,96.1,45
00-0040237,Tez Johnson,WR,TB,ACT,24.3,1.0,5.0,5.0,78.4,38.6,48.7,59.9,2.4,107.9,97
00-0041056,Cade Klubnik,QB,NYJ,ACT,22.9,0.0,2.0,2.0,,45.0,48.0,52.4,0.0,123.4,41
00-0036637,Noah Gray,TE,KC,ACT,27.3,5.0,2.0,2.0,28.3,35.1,48.0,61.1,8.6,95.2,46
00-0041503,Nate Boerkircher,TE,JAX,ACT,25.0,0.0,2.0,2.0,,36.8,47.6,60.3,8.2,94.8,47
00-0041125,Seth McGowan,RB,IND,ACT,24.9,0.0,2.0,2.0,,43.7,47.3,52.6,0.0,115.9,69
00-0031503,Jameis Winston,QB,NYG,ACT,32.7,11.0,2.0,2.0,42.8,49.4,47.3,49.9,0.0,122.7,42
00-0040729,Jack Bech,WR,LV,ACT,23.7,1.0,3.0,3.0,32.4,37.0,46.8,53.9,0.5,106.0,98
00-0041524,Will Kacmarek,TE,MIA,ACT,23.6,0.0,2.0,2.0,,35.1,46.5,51.3,7.1,93.7,48
00-0040131,Kyle Williams,WR,NE,ACT,23.8,1.0,5.0,5.0,44.2,36.5,46.4,53.1,0.1,105.6,99
00-0041029,Jordyn Tyson,WR,NO,RES,22.1,0.0,5.0,5.0,,35.5,45.7,52.4,0.0,104.9,100
00-0033555,Mack Hollins,WR,NE,ACT,33.0,9.0,4.0,4.0,90.4,34.5,45.2,54.1,0.0,104.4,101
00-0040142,Kaleb Johnson,RB,GB,ACT,23.0,1.0,3.0,3.0,8.3,40.8,45.0,52.7,0.0,113.6,70
00-0034837,Calvin Ridley,WR,TEN,ACT,31.7,8.0,3.0,3.0,38.8,35.1,44.7,52.9,0.0,103.9,102
00-0038551,Kendre Miller,RB,NO,ACT,24.2,3.0,3.0,3.0,30.8,36.2,44.1,45.0,0.0,112.7,71
00-0039376,Spencer Rattler,QB,NO,ACT,25.9,2.0,2.0,2.0,98.6,42.8,44.0,46.3,0.0,119.4,43
00-0038685,Chris Brooks,RB,GB,ACT,26.6,3.0,2.0,2.0,26.2,35.3,44.0,48.0,0.0,112.6,72
00-0040737,Terrance Ferguson,TE,LA,ACT,23.5,1.0,3.0,3.0,46.6,33.1,43.9,52.5,4.5,91.1,49
00-0040170,Elic Ayomanor,WR,TEN,ACT,23.2,1.0,5.0,5.0,96.0,32.6,43.8,51.4,0.0,103.0,103
00-0041490,Eli Heidenreich,RB,PIT,ACT,23.1,0.0,3.0,3.0,,37.5,43.6,49.1,0.0,112.2,73
00-0031610,Darren Waller,TE,CAR,ACT,34.0,11.0,3.0,3.0,76.7,33.7,43.5,51.5,4.1,90.7,50
00-0036265,AJ Dillon,RB,CAR,ACT,28.3,6.0,3.0,3.0,7.6,37.0,42.8,49.2,0.0,111.4,74
00-0041096,Kaytron Allen,RB,WAS,ACT,23.6,0.0,3.0,3.0,,39.4,42.7,42.4,0.0,111.3,75
00-0033307,Kendrick Bourne,WR,ARI,ACT,31.1,9.0,3.0,3.0,73.6,32.5,42.7,49.7,0.0,101.9,104
00-0041051,Zavion Thomas,WR,CHI,ACT,22.5,0.0,4.0,4.0,,35.0,42.5,47.1,0.0,101.7,105
00-0041550,Brenen Thompson,WR,LAC,ACT,23.1,0.0,4.0,4.0,,31.7,41.8,50.9,0.0,101.0,106
00-0040782,Isaiah Bond,WR,CLE,ACT,22.5,1.0,4.0,4.0,45.7,32.6,41.6,54.7,0.0,100.8,107
00-0040014,Kyle McCord,QB,MIA,ACT,24.0,1.0,2.0,2.0,,43.5,41.5,41.0,0.0,116.9,44
00-0040134,Pat Bryant,WR,DEN,ACT,23.7,1.0,5.0,5.0,59.3,32.2,41.5,51.1,0.0,100.7,108
00-0031235,Odell Beckham Jr.,WR,NYG,ACT,33.8,12.0,4.0,4.0,,32.3,41.1,49.5,0.0,100.3,109
00-0041496,Jonah Coleman,RB,DEN,ACT,23.0,0.0,3.0,3.0,,35.7,41.0,51.5,0.0,109.6,76
00-0041568,Ty Simpson,QB,LA,INA,23.7,0.0,3.0,3.0,,38.2,40.7,42.5,0.0,116.1,45
00-0035208,Olamide Zaccheaus,WR,ATL,ACT,29.1,7.0,3.0,3.0,65.3,30.5,40.6,48.3,0.0,99.8,110
00-0038705,Emari Demercado,RB,DAL,ACT,27.6,3.0,3.0,3.0,51.8,35.9,40.5,49.6,0.0,109.1,77
00-0032775,Demarcus Robinson,WR,SF,ACT,31.9,10.0,4.0,4.0,47.2,31.2,40.2,47.5,0.0,99.4,111
00-0033110,Tyler Higbee,TE,LA,ACT,33.7,10.0,2.0,2.0,58.6,30.3,39.5,50.8,0.1,86.7,51
00-0037563,Malik Davis,RB,DAL,RES,27.8,4.0,2.0,2.0,39.6,37.6,39.5,43.7,0.0,108.1,78
00-0038102,Kenny Pickett,QB,CAR,ACT,28.2,4.0,2.0,2.0,7.7,39.2,39.5,34.7,0.0,114.9,46
00-0035537,Ty Johnson,RB,BUF,INA,29.0,7.0,3.0,3.0,88.3,32.4,39.5,43.2,0.0,108.1,79
00-0039917,Michael Penix Jr.,QB,ATL,INA,26.3,2.0,2.0,2.0,120.3,40.0,39.1,39.8,0.0,114.5,47
00-0041558,Sam Roush,TE,CHI,ACT,23.0,0.0,3.0,3.0,,29.9,38.7,46.8,0.0,85.9,52
00-0036988,Josh Palmer,WR,BUF,ACT,26.9,5.0,4.0,4.0,41.3,28.8,38.6,46.1,0.0,97.8,112
00-0037666,Jalen Tolbert,WR,MIA,INA,27.5,4.0,2.0,2.0,37.3,31.0,38.4,46.9,0.0,97.6,113
00-0037157,Bam Knight,RB,ARI,ACT,25.4,4.0,3.0,3.0,81.9,32.7,38.1,42.1,0.0,106.7,80
00-0040130,Jayden Higgins,WR,HOU,RES,23.7,1.0,7.0,7.0,109.0,28.8,37.9,43.6,0.0,97.1,114
00-0038951,Sean Tucker,RB,TB,INA,24.9,3.0,3.0,3.0,87.4,34.5,37.6,42.5,0.0,106.2,81
00-0038115,Daniel Bellinger,TE,TEN,ACT,25.9,4.0,2.0,2.0,50.1,27.3,37.2,48.5,0.0,84.4,53
00-0040739,Elijah Arroyo,TE,SEA,ACT,23.4,1.0,3.0,3.0,29.4,27.1,36.4,42.6,0.0,83.6,54
00-0039739,Roman Wilson,WR,PIT,ACT,25.2,2.0,3.0,3.0,32.6,29.5,36.3,39.8,0.0,95.5,115
00-0040187,Mitchell Evans,TE,CAR,ACT,23.3,1.0,2.0,2.0,38.7,26.0,35.7,44.2,0.0,82.9,55
00-0039364,Sione Vaki,RB,DET,ACT,25.1,2.0,2.0,2.0,0.4,28.8,35.4,37.0,0.0,104.0,82
00-0039751,Jordan Whittington,WR,LA,ACT,25.9,2.0,3.0,3.0,27.3,29.6,35.3,42.5,0.0,94.5,116
00-0032464,Kalif Raymond,WR,CHI,ACT,32.1,10.0,3.0,3.0,54.8,28.4,35.1,43.2,0.0,94.3,117
00-0036898,Davis Mills,QB,HOU,ACT,27.9,5.0,2.0,2.0,68.6,38.3,35.1,34.6,0.0,110.5,48
00-0033869,Mitchell Trubisky,QB,TEN,ACT,32.0,9.0,2.0,2.0,31.1,35.5,34.8,32.6,0.0,110.2,49
00-0036893,Najee Harris,RB,NYG,INA,28.5,5.0,3.0,3.0,10.1,28.8,34.8,38.3,0.0,103.4,83
00-0041099,Barion Brown,WR,NO,ACT,22.7,0.0,4.0,4.0,,26.3,34.6,41.1,0.0,93.8,118
00-0035249,Josh Oliver,TE,MIN,ACT,29.4,7.0,2.0,2.0,47.5,26.1,34.5,44.5,0.0,81.7,56
00-0032104,Ameer Abdullah,RB,JAX,ACT,33.2,11.0,4.0,4.0,29.9,30.6,34.4,44.7,0.0,103.0,84
00-0040590,Konata Mumpfield,WR,LA,ACT,23.9,1.0,4.0,4.0,20.2,26.5,33.9,41.1,0.0,93.1,119
00-0033553,James Conner,RB,ARI,RES,31.3,9.0,4.0,4.0,29.3,34.1,33.7,43.5,0.0,102.3,85
00-0041472,Marlin Klein,TE,HOU,ACT,24.0,0.0,4.0,4.0,,24.5,33.1,41.8,0.0,80.3,57
00-0037077,Sam Howell,QB,DAL,ACT,26.0,4.0,2.0,2.0,,34.5,33.0,33.5,0.0,108.4,50
00-0035289,Gardner Minshew,QB,ARI,ACT,30.3,7.0,2.0,2.0,-0.3,34.6,32.8,30.9,0.0,108.2,51
00-0041529,Kevin Coleman Jr.,WR,MIA,ACT,23.0,0.0,5.0,5.0,,26.3,32.7,40.1,0.0,91.9,120
00-0041251,Jalon Daniels,QB,TB,ACT,23.8,0.0,2.0,2.0,,28.9,32.3,33.7,0.0,107.7,52
00-0039451,Isaiah Williams,WR,NYJ,ACT,25.6,2.0,4.0,4.0,47.7,23.9,32.2,39.5,0.0,91.4,121
00-0040648,Tory Horton,WR,SEA,INA,23.8,1.0,4.0,4.0,58.6,24.7,32.0,37.9,0.0,91.2,122
00-0037012,Trey Lance,QB,LAC,ACT,26.3,5.0,2.0,2.0,13.5,30.3,31.9,32.3,0.0,107.3,53
00-0032950,Carson Wentz,QB,MIN,ACT,33.7,10.0,3.0,3.0,70.3,30.4,31.5,31.7,0.0,106.9,54
00-0039107,Stetson Bennett,QB,LA,ACT,28.8,3.0,2.0,2.0,,28.4,31.2,33.6,0.0,106.6,55
00-0027973,Andy Dalton,QB,PHI,ACT,38.8,15.0,2.0,2.0,9.5,31.2,31.1,30.7,0.0,106.5,56
00-0041483,Eli Stowers,TE,PHI,RES,23.4,0.0,3.0,3.0,,24.1,31.0,36.8,0.0,78.2,58
00-0036626,Dyami Brown,WR,WAS,ACT,26.8,5.0,6.0,6.0,39.7,21.9,30.8,36.3,0.0,90.0,123
00-0028118,Tyrod Taylor,QB,GB,ACT,37.1,15.0,2.0,2.0,59.5,32.9,30.7,33.8,0.0,106.1,57
00-0035704,Drew Lock,QB,SEA,ACT,29.8,7.0,2.0,2.0,0.1,32.8,30.6,28.4,0.0,106.0,58
00-0040466,Raheim Sanders,RB,CLE,ACT,24.2,1.0,3.0,3.0,18.8,26.9,30.5,35.7,0.0,99.1,86
00-0040208,Tahj Brooks,RB,CIN,ACT,24.3,1.0,3.0,3.0,5.9,27.0,30.4,36.8,0.0,99.0,87
00-0040556,Corey Kiner,RB,NE,ACT,24.6,1.0,3.0,3.0,8.3,26.6,30.3,36.0,0.0,98.9,88
00-0039021,Roschon Johnson,RB,CHI,ACT,25.6,3.0,3.0,3.0,1.7,25.9,30.1,35.0,0.0,98.7,89
00-0035993,Tyler Huntley,QB,BAL,ACT,28.6,6.0,2.0,2.0,40.1,29.9,30.1,32.0,0.0,105.5,59
00-0033923,Kareem Hunt,RB,,FA,31.1,9.0,,,136.4,28.5,30.0,32.2,0.0,98.6,90
00-0033955,Jeremy McNichols,RB,WAS,RES,30.7,9.0,4.0,4.0,60.2,26.7,30.0,35.1,0.0,98.6,91
00-0039796,Rasheen Ali,RB,BAL,ACT,25.5,2.0,3.0,3.0,19.7,23.1,29.7,34.6,,,92
00-0041579,Seydou Traore,TE,MIA,ACT,24.1,0.0,3.0,3.0,,20.8,29.3,34.6,,,59
00-0039746,Will Shipley,RB,PHI,ACT,24.0,2.0,3.0,3.0,15.0,23.5,29.0,34.3,,,93
00-0040179,DJ Giddens,RB,IND,INA,23.0,1.0,3.0,3.0,9.6,26.7,28.9,31.5,,,94
00-0040154,Tai Felton,WR,MIN,ACT,23.5,1.0,4.0,4.0,4.0,22.8,28.8,34.0,,,124
00-0040886,Nicholas Singleton,RB,TEN,INA,22.7,0.0,3.0,3.0,,24.2,28.6,33.4,,,95
00-0039912,Ben Sinnott,TE,WAS,ACT,24.2,2.0,3.0,3.0,22.9,20.6,28.5,34.3,,,60
00-0039299,George Holani,RB,SEA,ACT,26.7,2.0,2.0,2.0,19.8,22.8,27.9,31.6,,,96
00-0033949,Joshua Dobbs,QB,DET,ACT,31.6,9.0,2.0,2.0,2.1,26.7,27.7,28.9,,,60
00-0041077,Justin Joly,TE,MIA,INA,22.1,0.0,4.0,4.0,,20.4,27.5,32.8,,,61
00-0040177,Jordan James,RB,SF,INA,22.4,1.0,3.0,3.0,,26.4,27.0,29.9,,,97
00-0039373,Audric Estimé,RB,NO,RES,23.0,2.0,4.0,4.0,42.1,22.7,26.9,26.9,,,98
00-0040646,Jalen Royals,WR,KC,ACT,23.5,1.0,4.0,4.0,1.4,22.1,26.5,32.9,,,125
00-0032951,Laquon Treadwell,WR,IND,ACT,31.2,10.0,5.0,5.0,0.0,19.5,26.5,30.9,,,126
00-0039855,Jalen McMillan,WR,TB,INA,24.7,2.0,3.0,3.0,23.9,21.1,26.3,31.3,,,127
00-0040164,Jaylin Lane,WR,WAS,ACT,24.3,1.0,7.0,7.0,43.2,21.7,26.2,29.3,,,128
00-0041069,Colbie Young,WR,CIN,ACT,24.1,0.0,4.0,4.0,,20.3,25.7,32.5,,,129
00-0037614,John Metchie III,WR,CAR,INA,26.1,4.0,4.0,4.0,55.4,19.9,25.3,31.4,,,130
00-0041104,Demond Claiborne,RB,MIN,INA,22.9,0.0,3.0,3.0,,20.6,25.1,29.0,,,99
00-0034981,Foster Moreau,TE,HOU,ACT,29.3,7.0,2.0,2.0,9.4,17.8,24.8,30.6,,,62
00-0038547,Luke Schoonmaker,TE,DAL,ACT,27.9,3.0,3.0,3.0,20.2,16.8,24.8,31.0,,,63
00-0034771,Mason Rudolph,QB,PIT,ACT,31.1,8.0,2.0,2.0,15.0,27.5,24.7,25.0,,,61
00-0040218,Jimmy Horn Jr.,WR,CAR,ACT,24.0,1.0,5.0,5.0,23.2,17.7,24.6,28.1,,,131
00-0041067,Bryce Lance,WR,NO,ACT,24.0,0.0,3.0,3.0,,19.5,24.6,29.6,,,132
00-0040277,Jahdae Walker,WR,CHI,ACT,24.2,1.0,5.0,5.0,23.7,19.3,24.5,29.1,,,133
00-0038896,Jacob Saylors,RB,DET,ACT,26.5,3.0,3.0,3.0,1.1,20.2,24.5,28.1,,,100
00-0040194,Jackson Hawes,TE,BUF,ACT,25.7,1.0,3.0,3.0,44.7,18.9,24.5,27.9,,,64
00-0036754,Brock Wright,TE,DET,ACT,27.8,5.0,2.0,2.0,29.8,19.1,24.4,32.7,,,65
00-0040890,Cyrus Allen,WR,KC,ACT,23.6,0.0,5.0,5.0,,19.7,24.3,27.7,,,134
00-0040894,Malik Benson,WR,LV,ACT,23.9,0.0,4.0,4.0,,18.0,24.2,29.0,,,135
00-0036422,Adam Trautman,TE,DEN,ACT,29.6,6.0,2.0,2.0,35.5,18.8,24.2,28.3,,,66
00-0038090,Skyy Moore,WR,GB,ACT,26.0,4.0,5.0,5.0,12.3,19.1,24.0,28.4,,,136
00-0035631,Drew Sample,TE,CIN,ACT,30.4,7.0,2.0,2.0,24.4,18.2,24.0,27.7,,,67
00-0040234,Quinn Ewers,QB,JAX,INA,23.5,1.0,2.0,2.0,32.7,25.7,23.8,24.8,,,62
00-0039920,Malachi Corley,WR,CLE,ACT,24.4,2.0,6.0,6.0,26.1,18.2,23.8,29.5,,,137
00-0039603,British Brooks,RB,HOU,ACT,26.8,2.0,3.0,3.0,7.8,20.7,22.8,23.1,,,101
00-0037091,Bo Melton,WR,GB,ACT,27.3,4.0,4.0,4.0,22.2,19.4,22.6,28.8,,,138
00-0039074,Davis Allen,TE,LA,ACT,25.6,3.0,5.0,5.0,50.8,16.5,22.6,30.3,,,68
00-0039407,Dylan Laube,RB,LV,ACT,26.7,2.0,3.0,3.0,4.2,17.2,22.5,26.6,,,102
00-0039356,Ja'Tavion Sanders,TE,CAR,INA,23.4,2.0,4.0,4.0,39.5,17.7,22.3,28.4,,,69
00-0034270,Tyler Conklin,TE,DET,ACT,31.1,8.0,3.0,3.0,13.8,16.8,22.3,28.4,,,70
00-0041084,Tanner Koziol,TE,JAX,INA,22.6,0.0,3.0,3.0,,17.6,22.2,27.0,,,71
00-0032392,Austin Hooper,TE,ATL,ACT,31.8,10.0,3.0,3.0,48.8,15.0,22.0,29.6,,,72
00-0037805,Jeremy Ruckert,TE,NYJ,ACT,26.1,4.0,3.0,3.0,35.4,14.6,21.8,26.5,,,73
00-0039062,Jonathan Mingo,WR,DAL,ACT,25.4,3.0,5.0,5.0,3.0,18.0,21.8,29.8,,,139
00-0040184,KeAndre Lambert-Smith,WR,LAC,ACT,24.9,1.0,5.0,5.0,13.6,16.5,21.7,26.3,,,140
00-0040075,LaJohntay Wester,WR,BAL,ACT,24.4,1.0,6.0,6.0,0.0,14.0,21.6,28.1,,,141
00-0040887,Josh Cuevas,TE,BAL,ACT,23.9,0.0,4.0,4.0,,15.4,21.6,25.0,,,74
00-0037004,Hunter Long,TE,ARI,ACT,28.0,5.0,3.0,3.0,26.5,15.0,21.4,26.3,,,75
00-0038977,Tank Dell,WR,HOU,RES,26.8,3.0,6.0,6.0,,15.8,20.8,25.5,,,142
00-0033217,Mo Alie-Cox,TE,IND,ACT,33.0,9.0,2.0,2.0,24.2,15.8,20.6,25.5,,,76
00-0038640,Jalen Brooks,WR,ARI,ACT,26.3,3.0,4.0,4.0,6.6,15.5,20.3,24.7,,,143
00-0036849,Tutu Atwell,WR,LA,INA,26.9,5.0,5.0,5.0,28.2,16.2,20.2,25.9,,,144
00-0041041,Oscar Delp,TE,NO,INA,23.1,0.0,3.0,3.0,,17.0,20.0,26.1,,,77
00-0041510,Max Klare,TE,LA,INA,23.2,0.0,4.0,4.0,,16.0,20.0,26.3,,,78
00-0040879,Matthew Hibner,TE,BAL,ACT,24.5,0.0,3.0,3.0,,13.3,19.9,24.1,,,79
00-0039365,Jacob Cowing,WR,SF,ACT,25.6,2.0,6.0,6.0,,14.8,19.9,20.4,,,145
00-0041092,Taylen Green,QB,CLE,INA,23.9,0.0,3.0,3.0,,18.9,19.8,19.7,,,63
00-0037085,Tyler Badie,RB,DEN,INA,27.6,4.0,4.0,4.0,25.9,17.1,19.7,25.8,,,103
00-0037197,Isiah Pacheco,RB,DET,RES,27.5,4.0,4.0,4.0,77.8,18.6,19.7,24.7,,,104
00-0035500,Greg Dortch,WR,BUF,ACT,28.3,7.0,,7.0,60.6,13.0,19.6,24.3,,,146
00-0037557,Ronnie Rivers,RB,LA,ACT,27.6,4.0,3.0,3.0,4.6,16.7,19.5,23.8,,,105
00-0038359,Xavier Smith,WR,LA,ACT,28.9,3.0,6.0,6.0,39.3,14.6,19.5,26.8,,,147
00-0040215,Gavin Bartholomew,TE,MIN,ACT,23.3,1.0,4.0,4.0,,13.8,19.4,23.0,,,80
00-0037013,Zach Wilson,QB,NO,INA,27.1,5.0,3.0,3.0,1.4,20.7,19.2,17.0,,,64
00-0037524,Tay Martin,WR,DET,ACT,28.7,4.0,4.0,4.0,3.3,15.6,19.2,23.5,,,148
00-0041132,Deion Burks,WR,IND,ACT,23.6,0.0,6.0,6.0,,14.8,19.1,20.5,,,149
00-0040876,Elijah Sarratt,WR,BAL,INA,23.3,0.0,5.0,5.0,,14.4,19.1,22.5,,,150
00-0041094,Bauer Sharp,TE,TB,ACT,23.3,0.0,4.0,4.0,,14.1,19.0,22.6,,,81
00-0039530,Brevyn Spann-Ford,TE,DAL,ACT,26.7,2.0,2.0,2.0,19.5,14.5,18.9,22.2,,,82
00-0041100,Josh Cameron,WR,JAX,ACT,23.5,0.0,5.0,5.0,,14.7,18.9,22.6,,,151
00-0036628,John Bates,TE,WAS,ACT,28.8,5.0,2.0,2.0,21.8,13.0,18.8,22.8,,,83
00-0040582,Arian Smith,WR,NYJ,ACT,24.9,1.0,6.0,6.0,10.0,13.9,18.8,23.8,,,152
00-0033246,Johnny Mundt,TE,PHI,ACT,31.8,9.0,2.0,2.0,15.6,13.8,18.7,22.0,,,84
00-0041070,Reggie Virgil,WR,ARI,INA,22.3,0.0,5.0,5.0,,15.6,18.6,22.1,,,153
00-0035021,Ashton Dulin,WR,IND,ACT,29.3,7.0,4.0,4.0,17.5,15.8,18.4,21.4,,,154
00-0038476,Tommy DeVito,QB,NE,ACT,28.1,3.0,2.0,2.0,,17.5,18.3,19.8,,,65
00-0041443,Skyler Bell,WR,BUF,INA,24.2,0.0,5.0,5.0,,14.1,18.3,23.4,,,155
00-0039792,Devontez Walker,WR,BAL,INA,25.2,2.0,4.0,4.0,34.6,14.5,18.3,21.2,,,156
00-0036980,Elijah Moore,WR,PHI,INA,26.4,5.0,5.0,5.0,24.1,16.8,18.2,22.5,,,157
00-0032398,Chris Moore,WR,BAL,ACT,33.2,10.0,,7.0,33.1,13.8,18.2,22.3,,,158
00-0040644,Trevor Etienne,RB,CAR,RES,22.1,1.0,4.0,4.0,12.2,16.0,18.0,22.7,,,106
00-0041397,Kaden Wetjen,WR,PIT,ACT,24.5,0.0,6.0,6.0,,15.3,18.0,22.9,,,159
00-0040398,Brady Cook,QB,MIA,INA,24.9,1.0,3.0,3.0,28.5,17.8,18.0,19.6,,,66
00-0040888,Adam Randall,RB,BAL,RES,22.1,0.0,4.0,4.0,,16.7,17.7,19.7,,,107
00-0041561,Carson Beck,QB,ARI,INA,24.8,0.0,3.0,3.0,,17.2,17.6,16.6,,,67
00-0038710,Blake Whiteheart,TE,CLE,ACT,26.4,3.0,2.0,2.0,1.4,15.5,17.5,20.5,,,85
00-0041106,C.J. Williams,WR,JAX,ACT,23.9,0.0,6.0,6.0,,13.5,17.5,21.9,,,160
00-0038519,Nikko Remigio,WR,KC,ACT,26.8,3.0,6.0,6.0,3.7,14.4,17.4,20.4,,,161
00-0036630,Tylan Wallace,WR,CLE,ACT,27.3,5.0,5.0,5.0,12.5,12.7,17.1,21.6,,,162
00-0038416,Tyson Bagent,QB,CHI,INA,26.2,3.0,2.0,2.0,2.6,17.5,17.0,17.1,,,68
00-0039355,Luke McCaffrey,WR,WAS,INA,25.4,2.0,4.0,4.0,45.8,13.5,16.7,21.5,,,163
00-0038589,Josh Whyle,TE,GB,ACT,27.0,3.0,3.0,3.0,12.1,12.6,16.7,21.2,,,86
00-0037837,Calvin Austin III,WR,NYG,RES,27.4,4.0,5.0,5.0,70.7,14.3,16.7,21.3,,,164
00-0041131,Carsen Ryan,TE,CLE,ACT,23.0,0.0,3.0,3.0,,12.6,16.7,21.7,,,87
00-0041565,Drew Allar,QB,PIT,INA,22.5,0.0,4.0,4.0,,16.5,16.7,17.2,,,69
00-0038564,Cameron Latu,TE,NE,ACT,26.5,3.0,4.0,4.0,0.0,13.1,16.5,21.0,,,88
00-0040704,Dillon Gabriel,QB,CLE,RES,25.7,1.0,4.0,4.0,70.1,16.1,16.5,16.3,,,70
00-0040506,Myles Price,WR,MIN,ACT,24.7,1.0,5.0,5.0,0.0,13.1,16.4,20.3,,,165
00-0038738,Hunter Luepke,RB,DAL,ACT,26.5,3.0,,4.0,30.5,12.5,16.4,20.9,,,108
00-0038824,Ryan Miller,WR,MIA,ACT,26.5,3.0,6.0,6.0,10.4,11.4,16.2,17.6,,,166
00-0035264,Jarrett Stidham,QB,DEN,ACT,30.1,7.0,2.0,2.0,-0.1,15.5,16.2,17.0,,,71
00-0039050,Payne Durham,TE,TB,ACT,26.2,3.0,2.0,2.0,1.6,12.0,16.1,17.8,,,89
00-0040206,Riley Leonard,QB,IND,INA,24.0,1.0,3.0,3.0,31.0,18.1,16.1,17.3,,,72
00-0034613,Tanner Hudson,TE,CIN,ACT,31.8,8.0,,5.0,38.3,10.7,15.9,20.2,,,90
00-0040202,Devin Neal,RB,NO,RES,23.1,1.0,,6.0,51.5,13.4,15.9,18.2,,,109
00-0039359,Cade Stover,TE,HOU,ACT,26.2,2.0,3.0,3.0,13.9,10.2,15.9,21.7,,,91
00-0033040,Tyreek Hill,WR,,FA,32.5,10.0,,,43.0,11.3,15.9,18.6,,,167
00-0038783,Nate Adkins,TE,DEN,ACT,27.1,3.0,3.0,3.0,13.8,12.7,15.7,18.8,,,92
00-0039589,Kameron Johnson,WR,TB,ACT,24.5,2.0,6.0,6.0,15.7,11.5,15.5,18.8,,,168
00-0036425,DeeJay Dallas,RB,MIN,ACT,28.0,6.0,,4.0,2.1,11.7,15.5,19.2,,,110
00-0036331,Devin Duvernay,WR,ARI,ACT,29.0,6.0,6.0,6.0,3.6,11.8,15.5,18.4,,,169
00-0037742,Treylon Burks,WR,WAS,INA,26.4,4.0,5.0,5.0,24.0,11.7,15.3,15.9,,,170
00-0040785,Dohnte Meyers,WR,CIN,ACT,26.2,0.0,5.0,5.0,,12.8,15.3,17.5,,,171
00-0041194,Jack Strand,QB,ATL,ACT,22.2,0.0,4.0,4.0,,13.9,15.2,16.3,,,73
00-0040673,Jalen Milroe,QB,SEA,INA,23.7,1.0,3.0,3.0,-1.6,13.8,15.2,15.8,,,74
00-0039405,Jawhar Jordan,RB,HOU,DEV,27.0,2.0,,4.0,26.2,14.4,15.1,17.0,,,111
00-0040621,Montorie Foster Jr,WR,SEA,ACT,25.1,1.0,5.0,5.0,,12.4,15.0,17.6,,,172
00-0036876,Kylen Granson,TE,TEN,ACT,28.4,5.0,3.0,3.0,7.5,11.1,14.9,18.6,,,93
00-0037594,Julius Chestnut,RB,TEN,ACT,25.8,4.0,4.0,4.0,4.0,12.2,14.8,17.7,,,112
00-0038728,Jared Wayne,WR,HOU,ACT,25.9,3.0,5.0,5.0,3.0,11.8,14.6,17.9,,,173
00-0040363,Keleki Latu,TE,BUF,ACT,24.1,1.0,4.0,4.0,5.5,11.2,14.3,17.4,,,94
00-0040081,Jake Briningstool,TE,KC,ACT,23.7,1.0,4.0,4.0,,11.6,14.3,18.1,,,95
00-0036984,Trey Sermon,RB,ATL,RES,27.6,5.0,3.0,3.0,0.0,12.1,14.3,16.5,,,113
00-0037329,Brittain Brown,RB,CHI,RES,28.9,4.0,4.0,4.0,9.7,12.9,14.3,14.8,,,114
00-0038573,Derius Davis,WR,LAC,ACT,26.0,3.0,6.0,6.0,2.5,11.1,14.2,17.8,,,174
00-0034798,Durham Smythe,TE,BAL,ACT,31.1,8.0,2.0,2.0,4.5,10.2,14.1,17.6,,,96
00-0039144,Luke Musgrave,TE,GB,RES,26.0,3.0,5.0,5.0,37.2,10.4,14.0,16.8,,,97
00-0038794,Jaleel McLaughlin,RB,CLE,DEV,26.0,3.0,,4.0,29.4,13.1,13.9,15.6,,,115
00-0033662,Cooper Rush,QB,ATL,ACT,32.8,9.0,3.0,3.0,1.7,11.8,13.9,14.5,,,75
00-0033576,Eric Saubert,TE,SEA,ACT,32.3,9.0,2.0,2.0,7.1,12.0,13.7,16.8,,,98
00-0037755,Jelani Woods,TE,NYJ,ACT,27.9,4.0,4.0,4.0,0.9,11.2,13.7,17.9,,,99
00-0040024,Darius Cooper,WR,PHI,ACT,24.8,1.0,6.0,6.0,13.7,11.2,13.6,16.9,,,175
00-0039814,Erick All,TE,CIN,ACT,26.0,2.0,3.0,3.0,,10.9,13.5,17.5,,,100
00-0041116,Jack Endries,TE,CIN,INA,22.4,0.0,4.0,4.0,,10.8,13.4,16.7,,,101
00-0040390,Jackson Meeks,TE,DET,ACT,23.4,1.0,4.0,4.0,,11.4,13.4,15.3,,,102
00-0034365,Ian Thomas,TE,LV,ACT,30.2,8.0,3.0,3.0,17.9,10.3,13.4,18.5,,,103
00-0039921,Trey Benson,RB,ARI,RES,24.1,2.0,5.0,5.0,28.9,13.0,13.3,15.0,,,116
00-0034577,Kyle Allen,QB,BUF,ACT,30.5,8.0,2.0,2.0,-0.3,13.2,13.2,12.3,,,76
00-0036924,Michael Carter,RB,TEN,DEV,27.3,5.0,,5.0,82.5,9.7,12.8,17.1,,,117
00-0039363,Isaac Guerendo,RB,SF,RES,26.2,2.0,4.0,4.0,0.0,12.0,12.8,14.9,,,118
00-0039686,Colson Yankoff,TE,WAS,ACT,26.5,2.0,4.0,4.0,2.8,9.7,12.8,15.5,,,104
00-0036590,Quintin Morris,TE,JAX,ACT,27.6,5.0,4.0,4.0,14.5,10.2,12.6,15.0,,,105
00-0036825,Feleipe Franks,TE,CAR,ACT,28.7,5.0,5.0,5.0,0.4,9.8,12.5,17.0,,,106
00-0037093,Dareke Young,WR,LV,ACT,27.2,4.0,5.0,5.0,5.8,10.6,12.5,14.1,,,176
00-0036887,Luke Farrell,TE,SF,ACT,28.9,5.0,3.0,3.0,24.0,9.3,12.2,15.6,,,107
00-0036862,Ben Skowronek,WR,PIT,ACT,29.2,5.0,5.0,5.0,14.9,8.0,12.2,14.9,,,177
00-0038840,Brycen Tremayne,WR,CAR,ACT,26.8,3.0,6.0,6.0,23.0,9.5,12.1,15.4,,,178
00-0036429,Charlie Woerner,TE,ATL,ACT,28.9,6.0,2.0,2.0,8.8,9.5,12.1,13.8,,,108
00-0040692,Jarquez Hunter,RB,MIA,DEV,23.7,1.0,,4.0,,9.3,12.0,14.0,,,119
00-0039916,Ricky Pearsall,WR,SF,RES,26.0,2.0,9.0,8.0,70.6,10.8,12.0,15.6,,,179
00-0040586,Jaydon Blue,RB,PHI,DEV,22.6,1.0,,4.0,19.9,9.9,11.9,13.1,,,120
00-0041047,Chris Brazzell II,WR,CAR,RES,22.9,0.0,7.0,7.0,,10.1,11.8,14.6,,,180
00-0038679,Tyrell Shavers,WR,BUF,RES,27.0,3.0,6.0,6.0,38.0,9.8,11.7,14.3,,,181
00-0038498,E.J. Jenkins,TE,PHI,ACT,27.8,3.0,4.0,4.0,0.0,8.9,11.6,14.3,,,109
00-0041314,Tanner Arkin,TE,NE,ACT,23.2,0.0,3.0,3.0,,9.5,11.5,13.4,,,110
00-0041117,Athan Kaliakmanis,QB,WAS,INA,23.0,0.0,3.0,3.0,,11.5,11.5,11.8,,,77
00-0033757,Robert Tonyan,TE,PIT,ACT,32.3,9.0,3.0,3.0,0.6,9.1,11.4,14.5,,,111
00-0041446,Kendrick Law,WR,DET,RES,22.2,0.0,5.0,5.0,,10.0,11.4,14.5,,,182
00-0041149,Haynes King,QB,CAR,INA,25.6,0.0,3.0,3.0,,11.4,11.3,11.7,,,78
00-0041323,Myles Montgomery,RB,NE,RES,23.4,0.0,4.0,4.0,,9.5,11.2,13.1,,,121
00-0033375,Tim Patrick,WR,NYJ,RES,32.8,9.0,5.0,5.0,44.2,8.4,11.2,14.0,,,183
00-0041398,Riley Nowakowski,TE,PIT,ACT,24.2,0.0,,4.0,,7.3,10.8,12.2,,,112
00-0028986,Case Keenum,QB,CHI,ACT,38.5,14.0,3.0,3.0,,10.5,10.8,11.5,,,79
00-0038579,Aidan O'Connell,QB,LV,INA,28.0,3.0,3.0,3.0,4.8,11.1,10.8,9.2,,,80
00-0037231,Kevin Austin Jr.,WR,NO,ACT,26.4,4.0,,7.0,26.5,7.8,10.8,12.7,,,184
00-0040534,Ke'Shawn Williams,WR,CIN,INA,24.7,1.0,6.0,6.0,2.0,8.5,10.8,12.8,,,185
00-0037292,Andrew Ogletree,TE,IND,ACT,28.1,4.0,3.0,3.0,10.7,8.6,10.7,12.6,,,113
00-0040598,Mark Redman,TE,GB,ACT,24.6,1.0,4.0,4.0,,8.7,10.6,12.8,,,114
00-0036646,Simi Fehoko,WR,ARI,ACT,28.8,5.0,7.0,7.0,0.0,7.3,10.6,12.7,,,186
00-0040906,Garrett Nussmeier,QB,KC,INA,24.6,0.0,3.0,3.0,,11.0,10.2,10.9,,,81
00-0039471,Frank Gore Jr.,RB,BUF,ACT,24.5,2.0,,4.0,,8.9,10.2,11.3,,,122
00-0040172,Jordan Watkins,WR,SF,INA,24.5,1.0,5.0,5.0,3.6,8.5,10.0,12.8,,,187
00-0035645,Gunner Olszewski,WR,NYG,RES,29.8,7.0,6.0,6.0,30.8,8.4,9.9,11.5,,,188
00-0035535,Darius Slayton,WR,,FA,29.6,7.0,,,80.3,8.1,9.9,12.1,,,189
00-0036463,Chris Blair,WR,ATL,ACT,28.9,5.0,5.0,5.0,0.0,7.4,9.8,11.3,,,190
00-0040581,Dont'e Thornton Jr.,WR,LV,RES,23.8,1.0,6.0,6.0,18.5,8.1,9.8,13.0,,,191
00-0040891,Cole Payton,QB,PHI,INA,23.8,0.0,4.0,4.0,,9.1,9.7,11.1,,,82
00-0034791,Nick Chubb,RB,,FA,30.7,8.0,,,81.8,8.9,9.6,10.1,,,123
00-0040981,Joe Fagnano,QB,BAL,INA,25.4,0.0,3.0,3.0,,8.7,9.6,10.0,,,83
00-0040009,Savion Williams,WR,GB,RES,24.8,1.0,7.0,7.0,20.5,8.2,9.6,12.6,,,192
00-0041087,Joe Royer,TE,CLE,RES,24.5,0.0,4.0,4.0,,7.5,9.6,12.8,,,115
00-0040589,Kurtis Rourke,QB,SF,INA,25.9,1.0,3.0,3.0,,9.3,9.4,9.4,,,84
00-0036842,Kene Nwangwu,RB,NYJ,INA,28.6,5.0,4.0,4.0,10.9,8.9,9.4,11.4,,,124
00-0039648,David Martin-Robinson,TE,TEN,ACT,26.7,2.0,4.0,4.0,11.0,7.2,9.3,11.0,,,116
00-0040930,Camden Brown,WR,DAL,INA,22.3,0.0,6.0,6.0,,7.9,9.2,10.6,,,193
00-0036879,Sam Ehlinger,QB,DEN,INA,27.9,5.0,3.0,3.0,,9.6,9.2,9.9,,,85
00-0040429,Josh Williams,RB,TB,ACT,26.2,1.0,,4.0,1.1,7.5,9.1,10.5,,,125
00-0034775,Christian Kirk,WR,SF,RES,29.8,8.0,7.0,7.0,43.9,7.9,9.0,12.7,,,194
00-0040901,Jaren Kanak,TE,TEN,RES,22.6,0.0,5.0,5.0,,6.6,9.0,11.5,,,117
00-0040547,Nate Carter,RB,KC,DEV,24.3,1.0,,4.0,4.0,7.6,8.9,9.5,,,126
00-0037078,Cole Turner,TE,MIA,RES,26.5,4.0,5.0,5.0,,7.1,8.9,12.3,,,118
00-0039534,Carter Bradley,QB,JAX,RES,26.5,2.0,3.0,3.0,,8.6,8.9,9.4,,,86
00-0039244,Chris Collier,RB,LV,RES,26.4,2.0,4.0,4.0,,7.3,8.9,10.6,,,127
00-0039824,Jared Wiley,TE,KC,INA,25.8,2.0,3.0,3.0,0.9,6.8,8.8,11.6,,,119
00-0040203,Will Howard,QB,PIT,INA,24.9,1.0,3.0,3.0,,9.9,8.8,9.0,,,87
00-0041399,CJ Daniels,WR,LA,INA,24.7,0.0,7.0,7.0,,6.1,8.7,10.5,,,195
00-0040039,Amar Johnson,RB,LAC,DEV,23.6,1.0,,4.0,0.8,7.0,8.6,9.2,,,128
00-0038440,Zavier Scott,RB,CHI,DEV,27.1,3.0,,5.0,32.2,7.2,8.3,9.7,,,129
00-0035359,David Sills,WR,TB,RES,31.3,7.0,7.0,7.0,40.1,6.6,8.1,10.3,,,196
00-0038400,Tanner McKee,QB,PHI,INA,26.3,3.0,3.0,3.0,13.8,7.1,8.0,9.1,,,88
00-0040948,J. Michael Sturdivant,WR,GB,INA,24.0,0.0,6.0,6.0,,6.4,8.0,10.0,,,197
00-0040311,Theo Wease Jr.,WR,LAC,DEV,25.2,1.0,,7.0,22.9,5.4,7.9,10.9,,,198
00-0036414,Cam Akers,RB,,FA,27.2,6.0,,,7.2,7.7,7.9,9.0,,,130
00-0041239,Chip Trayanum,RB,NYJ,RES,24.7,0.0,5.0,5.0,,7.0,7.8,8.7,,,131
00-0041123,Behren Morton,QB,NE,INA,24.6,0.0,3.0,3.0,,8.2,7.8,8.1,,,89
00-0040509,Ben Yurosek,TE,MIN,RES,24.5,1.0,3.0,3.0,2.4,6.0,7.8,8.9,,,120
00-0037276,Ty Chandler,RB,NO,RES,28.3,4.0,5.0,5.0,7.3,6.9,7.7,10.1,,,132
00-0037086,Grant Calcaterra,TE,PHI,RES,27.7,4.0,5.0,5.0,18.1,5.4,7.6,9.9,,,121
00-0036556,Brevin Jordan,TE,HOU,INA,26.1,5.0,5.0,5.0,,5.3,7.6,10.4,,,122
00-0041436,DJ Herman,RB,MIA,ACT,24.5,0.0,,5.0,,6.3,7.6,8.5,,,133
00-0029263,Russell Wilson,QB,,FA,37.8,14.0,,,49.8,9.4,7.5,6.5,,,90
00-0040225,Thomas Fidone II,TE,NYG,INA,23.9,1.0,4.0,3.0,0.0,5.7,7.5,9.8,,,123
00-0041133,Dallen Bentley,TE,DEN,INA,25.7,0.0,4.0,4.0,,5.6,7.4,8.9,,,124
00-0036196,Gabe Davis,WR,,FA,27.5,6.0,,,24.9,5.9,7.3,8.4,,,199
00-0035891,Cody White,WR,LV,ACT,27.8,6.0,,10.0,16.5,5.9,7.3,9.4,,,200
00-0040211,Graham Mertz,QB,HOU,RES,25.7,1.0,3.0,3.0,,7.5,7.1,7.8,,,91
00-0036415,Van Jefferson,WR,WAS,DEV,30.1,6.0,,8.0,55.5,5.5,7.1,9.1,,,201
00-0034419,Braxton Berrios,WR,NYG,ACT,30.9,8.0,,7.0,6.7,4.8,7.0,8.8,,,202
00-0041414,Matthew Caldwell,QB,LA,RES,23.3,0.0,4.0,4.0,,6.6,7.0,8.0,,,92
00-0036387,Jalen Reagor,WR,MIA,DEV,27.7,6.0,,7.0,,5.1,7.0,6.8,,,203
00-0037745,Velus Jones Jr.,RB,SEA,ACT,29.3,4.0,,6.0,3.2,6.5,7.0,7.6,,,134
00-0035406,Lil'Jordan Humphrey,WR,,FA,28.4,7.0,6.0,,28.1,5.5,7.0,9.1,,,204
00-0040488,Carter Runyon,TE,LV,RES,25.1,1.0,4.0,4.0,0.8,5.2,6.7,8.2,,,125
00-0034407,Ray-Ray McCloud,WR,CHI,RES,29.9,8.0,,7.0,10.4,4.8,6.7,7.8,,,205
00-0037031,Nikola Kalinic,TE,CHI,RES,29.6,4.0,4.0,4.0,0.0,5.2,6.5,7.5,,,126
00-0038389,Israel Abanikanda,RB,DAL,INA,23.9,3.0,,5.0,,5.6,6.5,7.0,,,135
00-0040563,Efton Chism III,WR,NE,INA,24.8,1.0,6.0,6.0,15.0,5.5,6.5,8.7,,,206
00-0030564,DeAndre Hopkins,WR,,FA,34.2,13.0,,,56.0,4.5,6.5,8.7,,,207
00-0036755,Jaret Patterson,RB,,FA,26.7,5.0,,,24.2,5.3,6.3,7.3,,,136
00-0040058,Nick Kallerup,TE,SEA,INA,25.4,1.0,4.0,4.0,0.0,4.8,6.2,7.2,,,127
00-0039737,Tip Reiman,TE,ARI,RES,25.0,2.0,4.0,4.0,3.3,5.0,6.1,8.2,,,128
00-0037311,Ko Kieft,TE,TB,ACT,28.6,4.0,3.0,3.0,0.0,4.8,6.1,7.7,,,129
00-0038409,Lew Nichols III,RB,PIT,DEV,25.0,3.0,,4.0,0.0,4.7,6.1,7.1,,,137
00-0041326,CJ Donaldson,RB,NO,ACT,22.1,0.0,,8.0,,5.6,6.1,7.2,,,138
00-0038979,Cedric Tillman,WR,NO,DEV,26.4,3.0,,8.0,49.5,5.3,6.0,8.5,,,208
00-0040244,Moliki Matavao,TE,NO,RES,23.5,1.0,4.0,4.0,2.0,4.5,6.0,6.7,,,130
00-0038394,Will Mallory,TE,IND,RES,27.2,3.0,4.0,4.0,2.1,5.1,5.9,8.1,,,131
00-0038735,Princeton Fant,TE,DAL,RES,27.5,3.0,4.0,4.0,0.0,4.4,5.9,6.7,,,132
00-0040021,Phil Mafah,RB,,FA,23.9,1.0,,,9.9,5.7,5.8,5.6,,,139
00-0038839,Mitchell Tinsley,WR,HOU,DEV,27.0,3.0,,8.0,27.6,4.6,5.8,7.8,,,209
00-0036182,Nick Westbrook-Ikhine,WR,IND,DEV,29.4,6.0,,9.0,14.4,3.9,5.8,6.6,,,210
00-0038720,Julian Hill,TE,NE,RES,26.1,3.0,5.0,5.0,23.5,4.1,5.8,7.4,,,133
00-0041366,Jameson Geers,TE,ARI,RES,23.7,0.0,5.0,5.0,,4.4,5.7,6.8,,,134
00-0037267,Jerome Ford,RB,,FA,27.0,4.0,,,30.6,5.4,5.6,7.2,,,140
00-0038590,Justin Shorter,WR,LV,RES,26.4,3.0,7.0,7.0,0.0,4.5,5.6,6.6,,,211
00-0037327,Skylar Thompson,QB,BAL,RES,29.2,4.0,4.0,4.0,,5.3,5.5,5.6,,,93
00-0033319,Nick Mullens,QB,JAX,ACT,31.4,9.0,,5.0,-0.0,4.2,5.4,4.9,,,94
00-0041178,Robert Henry Jr.,RB,WAS,DEV,24.7,0.0,,6.0,,4.9,5.3,6.2,,,141
00-0037132,Britain Covey,WR,PHI,ACT,29.5,4.0,,8.0,3.0,3.6,5.3,6.6,,,212
00-0040432,Beaux Collins,WR,ATL,RES,23.7,1.0,6.0,6.0,3.5,4.6,5.3,6.9,,,213
00-0030061,Zach Ertz,TE,,FA,35.8,13.0,,,101.4,3.3,5.3,8.5,,,135
00-0034854,KhaDarel Hodge,WR,SF,ACT,32.7,8.0,,9.0,4.6,4.0,5.2,6.6,,,214
00-0040853,Carson Towt,TE,IND,RES,25.3,0.0,5.0,5.0,,4.2,5.2,6.3,,,136
00-0038488,Brady Russell,RB,SEA,ACT,28.0,3.0,,8.0,0.0,3.9,5.2,6.1,,,142
00-0040953,Jeff Caldwell,WR,KC,RES,23.5,0.0,7.0,7.0,,4.9,5.2,5.4,,,215
00-0039266,Kendall Milton,RB,CIN,DEV,24.6,2.0,,4.0,0.2,4.2,5.1,5.6,,,143
00-0038397,Evan Hull,RB,ARI,DEV,25.8,3.0,,6.0,5.9,4.0,5.1,6.3,,,144
00-0040955,John Michael Gyllenborg,TE,KC,RES,24.1,0.0,5.0,5.0,,4.0,5.1,6.3,,,137
00-0039623,Mason Tipton,WR,NO,RES,25.9,2.0,6.0,6.0,14.9,4.2,5.1,5.9,,,216
00-0035282,Easton Stick,QB,TB,DEV,31.0,7.0,,3.0,,5.0,5.1,3.4,,,95
00-0038938,Jalin Hyatt,WR,NYG,DEV,24.9,3.0,,8.0,6.0,3.9,5.1,6.0,,,217
00-0026300,Josh Johnson,QB,CIN,DEV,40.3,18.0,,3.0,24.4,5.2,5.0,4.5,,,96
00-0037380,Kaden Davis,WR,CHI,ACT,27.9,4.0,,8.0,0.0,3.5,5.0,5.1,,,218
00-0033357,Taysom Hill,TE,,FA,36.0,9.0,,,36.3,4.6,4.9,4.5,,,138
00-0037617,Hassan Haskins,RB,NE,DEV,26.8,4.0,,5.0,8.0,4.5,4.9,5.9,,,145
00-0037120,Tyler Goodson,RB,ATL,DEV,25.8,4.0,,4.0,4.2,3.6,4.9,5.6,,,146
00-0038550,Hendon Hooker,QB,TEN,DEV,28.6,3.0,,3.0,,4.3,4.8,4.2,,,97
00-0038108,Bailey Zappe,QB,NYJ,DEV,27.4,4.0,,3.0,,5.5,4.8,4.0,,,98
00-0040568,Lan Larison,RB,NE,ACT,24.9,1.0,,7.0,,4.3,4.7,5.1,,,147
00-0040240,Caleb Lohner,TE,DEN,RES,24.9,1.0,5.0,5.0,,3.7,4.7,6.0,,,139
00-0039884,Tahj Washington,WR,,FA,25.3,2.0,,,3.2,4.3,4.7,5.2,,,219
00-0040067,Jacardia Wright,RB,SEA,DEV,25.9,1.0,,5.0,2.0,4.3,4.7,5.1,,,148
00-0039710,Jeshaun Jones,WR,MIN,RES,26.7,2.0,6.0,6.0,0.0,3.9,4.6,6.1,,,220
00-0035544,Tom Kennedy,WR,DET,ACT,30.1,7.0,,6.0,5.6,3.3,4.6,6.2,,,221
00-0037258,Dameon Pierce,RB,PHI,DEV,26.5,4.0,,5.0,3.6,4.2,4.6,5.8,,,149
00-0041467,Lewis Bond,WR,HOU,DEV,23.3,0.0,,9.0,,3.5,4.6,5.7,,,222
00-0036635,Ihmir Smith-Marsette,WR,ARI,DEV,27.0,5.0,,8.0,,3.5,4.6,4.8,,,223
00-0035589,Gary Jennings,WR,LAC,DEV,29.5,7.0,,8.0,,3.6,4.6,5.3,,,224
00-0037487,Deven Thompkins,WR,LV,DEV,26.7,4.0,,11.0,4.7,3.3,4.4,4.9,,,225
00-0039398,Joe Milton III,QB,DAL,DEV,26.5,2.0,,3.0,10.3,5.1,4.4,5.4,,,99
00-0040352,Coleman Owen,WR,IND,RES,25.4,1.0,7.0,7.0,0.0,3.3,4.4,5.3,,,226
00-0031484,Chris Manhertz,TE,NYG,ACT,34.4,11.0,,4.0,1.2,3.2,4.3,5.1,,,140
00-0031687,Raheem Mostert,RB,,FA,34.4,11.0,,,23.4,3.6,4.3,4.8,,,150
00-0036187,Reggie Gilliam,RB,NE,ACT,29.0,6.0,,6.0,3.8,3.7,4.3,5.5,,,151
00-0033857,JuJu Smith-Schuster,WR,,FA,29.8,9.0,,,57.0,3.4,4.2,5.3,,,227
00-0041257,Eric Rivers Jr.,WR,TB,DEV,24.0,0.0,,9.0,,3.6,4.2,5.2,,,228
00-0040094,Tre Watson,TE,MIA,DEV,23.9,1.0,,6.0,,3.0,4.2,5.3,,,141
00-0041170,Hayden Large,TE,CHI,RES,24.4,0.0,5.0,5.0,,3.2,4.1,5.1,,,142
00-0039936,Thomas Yassmin,TE,GB,RES,26.9,2.0,6.0,6.0,,3.3,4.1,5.3,,,143
00-0036959,Michael Bandy,WR,DEN,DEV,28.7,5.0,,6.0,13.0,2.9,4.1,4.9,,,229
00-0036427,Tyler Johnson,WR,,FA,28.0,6.0,,,31.7,2.8,4.1,6.1,,,230
00-0037317,Nick Muse,TE,ATL,ACT,27.8,4.0,,4.0,,2.9,4.0,5.2,,,144
00-0040938,DJ Rogers,TE,DAL,RES,24.8,0.0,5.0,5.0,,3.2,4.0,4.9,,,145
00-0041453,Luke Altmyer,QB,DET,DEV,23.9,0.0,,3.0,,4.1,4.0,3.9,,,100
00-0033589,David Moore,WR,CAR,DEV,31.6,9.0,,9.0,2.2,2.6,4.0,4.7,,,231
00-0041005,Corey Rucker,WR,LV,RES,24.2,0.0,8.0,8.0,,3.1,3.9,4.8,,,232
00-0036165,Isaiah Hodgins,WR,,FA,27.9,6.0,,,22.5,2.6,3.9,5.0,,,233
00-0040241,Dominic Lovett,WR,DET,DEV,23.8,1.0,,7.0,0.0,3.1,3.8,5.3,,,234
00-0041287,Kole Wilson,WR,CLE,DEV,22.7,0.0,,9.0,,3.0,3.8,5.7,,,235
00-0040205,Kalel Mullings,RB,TEN,DEV,23.9,1.0,,6.0,0.7,2.8,3.8,3.6,,,152
00-0038098,Pierre Strong,RB,GB,DEV,27.7,4.0,,5.0,,3.4,3.7,4.6,,,153
00-0038489,Ben VanSumeren,RB,KC,ACT,26.3,3.0,,5.0,,2.7,3.7,4.1,,,154
00-0038752,Jake Bobo,WR,SEA,RES,28.1,3.0,7.0,7.0,3.0,2.7,3.7,4.6,,,236
00-0032385,Sterling Shepard,WR,,FA,33.6,10.0,,,62.5,3.4,3.7,4.8,,,237
00-0035100,Jake Browning,QB,,FA,30.4,7.0,,,48.7,3.4,3.7,3.8,,,101
00-0040431,Dalen Cambre,WR,NYG,INA,25.4,1.0,,10.0,0.0,2.8,3.7,4.4,,,238
00-0040405,Jamaal Pritchett,WR,NYJ,DEV,23.2,1.0,,7.0,,2.8,3.6,4.8,,,239
00-0040653,Ricky White III,WR,SEA,DEV,24.6,1.0,,9.0,,2.8,3.6,4.1,,,240
00-0040394,Anthony Tyus III,RB,CAR,DEV,23.5,1.0,,5.0,,3.1,3.6,3.8,,,155
00-0040259,Gage Larvadain,WR,,FA,23.7,1.0,,,10.9,2.9,3.6,4.9,,,241
00-0036841,Austin Trammell,WR,JAX,DEV,28.2,5.0,,7.0,6.1,2.9,3.5,4.4,,,242
00-0040753,Will Sheppard,WR,MIA,DEV,24.6,1.0,,8.0,,2.6,3.5,4.3,,,243
00-0041172,Miller Moss,QB,CHI,INA,24.5,0.0,,4.0,,3.4,3.5,3.8,,,102
00-0040895,Emmanuel Henderson Jr.,WR,SEA,DEV,23.4,0.0,,8.0,,2.6,3.4,4.3,,,244
00-0040438,Antwane Wells Jr.,WR,ATL,DEV,25.4,1.0,,8.0,,3.0,3.4,3.8,,,245
00-0035243,Miles Sanders,RB,,FA,29.3,7.0,,,22.7,3.0,3.4,4.5,,,156
00-0040900,Anthony Smith,WR,DAL,DEV,24.5,0.0,,7.0,,2.4,3.4,3.9,,,246
00-0038647,Ronnie Bell,WR,LV,DEV,26.6,3.0,,9.0,9.3,2.7,3.3,4.9,,,247
00-0036775,Brandon Smith,WR,PIT,DEV,27.7,5.0,,10.0,,2.9,3.3,3.4,,,248
00-0040570,Jeremiah Webb,WR,NE,RES,25.3,1.0,7.0,7.0,,2.8,3.3,4.1,,,249
00-0039626,Cole Burgess,WR,PIT,RES,26.6,2.0,7.0,7.0,,2.6,3.3,4.3,,,250
00-0036679,Shane Buechele,QB,BUF,DEV,28.6,5.0,,3.0,3.9,3.3,3.3,3.5,,,103
00-0039816,Anthony Gould,WR,IND,DEV,25.4,2.0,,10.0,1.6,2.5,3.3,3.9,,,251
00-0036328,Antonio Gibson,RB,,FA,28.2,6.0,,,22.2,3.1,3.3,4.2,,,157
00-0040317,Jacoby Jones,WR,,FA,25.1,1.0,8.0,,3.0,2.6,3.2,4.3,,,252
00-0041486,Anderson Castle,RB,IND,DEV,24.6,0.0,,4.0,,3.0,3.2,3.5,,,158
00-0033943,Josh Reynolds,WR,,FA,31.5,9.0,,,17.6,1.8,3.2,3.4,,,253
00-0037156,Irvin Charles,WR,SEA,RES,29.4,4.0,6.0,6.0,,3.0,3.2,4.7,,,254
00-0038930,Carlos Washington,RB,MIA,DEV,27.7,3.0,,6.0,,2.6,3.2,3.8,,,159
00-0037828,Danny Gray,WR,PHI,DEV,27.4,4.0,,10.0,,2.7,3.2,3.8,,,255
00-0038953,Dylan Drummond,WR,ATL,DEV,26.6,3.0,,7.0,7.7,2.5,3.1,3.8,,,256
00-0040628,Drake Dabney,TE,GB,DEV,24.3,1.0,,7.0,0.8,2.4,3.1,3.8,,,146
00-0033376,Patrick Ricard,RB,NYG,ACT,32.3,9.0,,5.0,1.6,1.8,3.1,3.2,,,160
00-0040120,Jimmy Holiday,WR,KC,RES,24.7,1.0,8.0,8.0,,2.6,3.1,3.9,,,257
00-0039677,Sam Hartman,QB,WAS,DEV,27.1,2.0,,4.0,,2.9,3.0,2.7,,,104
00-0032211,Tyler Lockett,WR,,FA,33.9,11.0,,,51.1,2.3,3.0,4.3,,,258
00-0036020,Salvon Ahmed,RB,CHI,DEV,27.7,6.0,,6.0,,2.5,3.0,3.6,,,161
00-0038809,Ben Sims,TE,,FA,26.3,3.0,6.0,,4.5,2.3,3.0,3.9,,,147
00-0041217,J'Mari Taylor,RB,JAX,DEV,24.5,0.0,,5.0,,2.6,2.9,3.6,,,162
00-0041081,Max Bredeson,RB,MIN,ACT,23.9,0.0,,5.0,,2.3,2.9,4.1,,,163
00-0036345,K.J. Osborn,WR,TEN,DEV,29.2,6.0,,7.0,,1.4,2.9,3.1,,,259
00-0037475,Stone Smartt,TE,NO,DEV,27.9,4.0,,5.0,8.7,2.2,2.9,3.6,,,148
00-0040522,Xavier Restrepo,WR,TEN,DEV,24.4,1.0,,6.0,5.6,1.8,2.9,3.4,,,260
00-0033854,Dare Ogunbowale,RB,LV,DEV,32.3,9.0,,5.0,19.1,2.2,2.8,4.2,,,164
00-0040601,Jordan Waters,RB,LA,DEV,25.7,0.0,,4.0,,2.7,2.8,3.1,,,165
00-0041179,Chris Hilton Jr.,WR,GB,DEV,23.9,0.0,,9.0,,2.4,2.8,3.5,,,261
00-0040629,Dalevon Campbell,WR,,FA,24.7,1.0,7.0,,0.0,2.3,2.8,3.5,,,262
00-0040959,Jaydn Ott,RB,KC,DEV,23.7,0.0,,7.0,,2.4,2.8,3.4,,,166
00-0036360,Clyde Edwards-Helaire,RB,,FA,27.4,6.0,,,3.2,2.5,2.8,2.9,,,167
00-0041312,Noah Whittington,RB,HOU,DEV,24.7,0.0,,5.0,,2.5,2.8,3.5,,,168
00-0040260,Ahmani Marshall,RB,CAR,DEV,24.4,1.0,,6.0,,2.5,2.7,3.0,,,169
00-0041368,Harrison Wallace III,WR,ARI,DEV,23.4,0.0,,9.0,,2.3,2.7,3.4,,,263
00-0041139,Damon Bankston,RB,GB,DEV,23.4,0.0,,6.0,,2.4,2.7,3.5,,,170
00-0039518,Treyton Welch,TE,NO,ACT,25.6,2.0,,6.0,,2.2,2.7,3.1,,,149
00-0039394,Casey Washington,WR,CAR,DEV,25.5,2.0,,8.0,12.4,2.0,2.7,3.4,,,264
00-0040954,Omari Evans,WR,KC,DEV,22.7,0.0,,9.0,,2.2,2.7,3.4,,,265
00-0039577,Kedon Slovis,QB,GB,DEV,25.4,2.0,,3.0,-0.1,2.1,2.7,2.2,,,105
00-0041203,Joey Aguilar,QB,JAX,DEV,25.2,0.0,,4.0,,2.8,2.7,2.7,,,106
00-0034367,Nyheim Hines,RB,,FA,29.8,8.0,,,-0.2,2.4,2.7,3.0,,,171
00-0034983,Hunter Renfrow,WR,,FA,30.7,7.0,,,28.4,2.0,2.7,3.1,,,266
00-0041220,Michael Wortham,WR,JAX,DEV,24.2,0.0,,10.0,,2.1,2.7,3.4,,,267
00-0040597,Brennan Presley,WR,LA,DEV,24.6,1.0,,9.0,,2.3,2.6,3.4,,,268
00-0039236,Johnny Wilson,WR,PHI,RES,25.4,2.0,7.0,7.0,,2.1,2.6,2.8,,,269
00-0038643,Brayden Willis,TE,SF,DEV,26.8,3.0,,4.0,0.0,2.5,2.6,3.3,,,150
00-0041156,Mark Gronowski,QB,HOU,DEV,24.9,0.0,,4.0,,2.7,2.6,2.6,,,107
00-0038040,Zamir White,RB,NO,DEV,27.0,4.0,,7.0,7.6,1.6,2.6,2.4,,,172
00-0041267,Malik McClain,WR,NYJ,DEV,23.9,0.0,,8.0,,2.2,2.6,3.2,,,270
00-0034860,Dante Pettis,WR,,FA,30.9,8.0,,,15.2,2.3,2.6,3.6,,,271
00-0034521,Allen Lazard,WR,,FA,30.7,8.0,,,18.0,2.1,2.6,2.9,,,272
00-0041176,Jaden Bradley,WR,WAS,DEV,23.4,0.0,,9.0,,2.0,2.6,3.1,,,273
00-0039379,Jamari Thrash,WR,,FA,25.7,2.0,7.0,,15.7,2.3,2.5,3.4,,,274
00-0033699,Austin Ekeler,RB,,FA,31.3,9.0,,,10.6,2.3,2.5,1.9,,,173
00-0041342,Dillon Bell,WR,MIN,DEV,22.8,0.0,,9.0,,2.0,2.5,3.0,,,275
00-0040265,Ja'Seem Reed,WR,CAR,DEV,23.4,1.0,,10.0,,2.0,2.5,3.1,,,276
00-0038465,Malik Heath,WR,,FA,26.4,3.0,,,11.6,1.7,2.5,3.2,,,277
00-0035298,Scott Miller,WR,CHI,DEV,29.1,7.0,,6.0,10.7,1.4,2.4,3.9,,,278
00-0040998,Roman Hemby,RB,LV,DEV,24.0,0.0,,7.0,,2.0,2.4,2.8,,,174
00-0037382,Brandon Johnson,WR,PIT,DEV,28.1,4.0,,8.0,,1.8,2.4,3.1,,,279
00-0040970,Michael Briscoe,WR,MIN,DEV,24.1,0.0,,8.0,,1.9,2.4,2.9,,,280
00-0038396,Eric Gray,RB,,FA,26.8,3.0,,,0.0,1.6,2.4,3.0,,,175
00-0039052,Trey Palmer,WR,NO,DEV,25.4,3.0,,9.0,,2.2,2.4,3.1,,,281
00-0041361,Will Pauling,WR,SF,DEV,23.5,0.0,,11.0,,1.9,2.4,3.2,,,282
00-0036497,Tim Jones,WR,JAX,DEV,28.3,5.0,,8.0,2.0,1.6,2.3,2.8,,,283
00-0039650,Bryce Oliver,WR,CLE,DEV,26.3,2.0,,7.0,1.3,1.9,2.3,3.3,,,284
00-0041248,Noah Thomas,WR,CIN,DEV,22.6,0.0,,8.0,,1.9,2.3,2.8,,,285
00-0034272,Marquez Valdes-Scantling,WR,,FA,31.9,8.0,,,25.0,1.8,2.3,2.8,,,286
00-0041185,Vinny Anthony II,WR,ATL,DEV,23.2,0.0,,9.0,,1.9,2.3,2.9,,,287
00-0041376,Gregory Desrosiers,RB,LAC,DEV,25.4,0.0,,7.0,,2.0,2.3,2.5,,,176
00-0041359,Wesley Grimes,WR,SF,DEV,22.5,0.0,,10.0,,2.1,2.3,2.9,,,288
00-0036567,Elijah Mitchell,RB,,FA,28.3,5.0,,,0.0,1.3,2.3,2.4,,,177
00-0035291,Trayveon Williams,RB,,FA,28.9,7.0,,,13.1,2.3,2.3,2.9,,,178
00-0041216,Trebor Pena,WR,JAX,DEV,24.5,0.0,,9.0,,1.8,2.3,2.9,,,289
00-0041241,Kentrel Bullock,RB,CIN,DEV,24.4,0.0,,5.0,,1.9,2.2,2.8,,,179
00-0037509,Sincere McCormick,RB,SF,DEV,26.0,4.0,,6.0,,2.0,2.2,2.5,,,180
00-0041475,Trayvon Rudolph,WR,MIN,DEV,24.3,0.0,,10.0,,1.8,2.2,2.8,,,290
00-0035345,Chris Myarick,TE,LV,ACT,30.9,7.0,,6.0,,1.9,2.2,2.4,,,151
00-0040298,Andrew Armstrong,WR,KC,DEV,25.8,1.0,,10.0,,1.8,2.2,2.6,,,291
00-0040375,Jordan Moore,WR,CIN,DEV,24.4,1.0,,7.0,,1.8,2.2,2.6,,,292
00-0041277,Davon Booth,RB,IND,DEV,24.6,0.0,,5.0,,1.9,2.2,2.7,,,181
00-0035311,Myles Gaskin,RB,,FA,29.5,7.0,,,0.6,2.1,2.2,2.5,,,182
00-0041357,Khalil Dinkins,TE,SF,DEV,24.3,0.0,,5.0,,1.8,2.2,2.6,,,152
00-0041319,Cameron Dorner,WR,NE,DEV,22.6,0.0,,9.0,,1.8,2.2,2.7,,,293
00-0041415,Dean Connors,RB,LA,DEV,23.0,0.0,,5.0,,2.0,2.2,2.7,,,183
00-0040934,Jordan Hudson,WR,DAL,DEV,22.8,0.0,,8.0,,1.8,2.2,2.6,,,294
00-0038998,Jake Haener,QB,NYG,DEV,27.5,3.0,,3.0,,2.2,2.1,2.1,,,108
00-0036906,Khalil Herbert,RB,,FA,28.4,5.0,,,6.1,1.4,2.1,2.5,,,184
00-0041293,Dane Key,WR,DEN,DEV,23.2,0.0,,8.0,,1.6,2.1,2.7,,,295
00-0040498,Dontae Fleming,WR,MIN,RES,24.8,1.0,,7.0,,1.7,2.1,2.5,,,296
00-0040275,JP Richardson,WR,CHI,DEV,24.4,1.0,,9.0,,1.7,2.1,2.4,,,297
00-0038496,Xavier Gipson,WR,PHI,DEV,25.5,3.0,,9.0,1.6,1.2,2.1,2.9,,,298
00-0040558,Isaiah Neyor,WR,GB,DEV,25.2,1.0,,8.0,,1.7,2.1,2.4,,,299
00-0039489,Hayden Rucci,TE,JAX,DEV,25.6,2.0,,5.0,0.0,1.4,2.0,2.5,,,153
00-0038891,Shedrick Jackson,WR,,FA,26.9,3.0,,,13.9,1.6,2.0,2.6,,,300
00-0040361,Stephen Gosnell,WR,BUF,DEV,24.9,1.0,,9.0,,1.7,2.0,2.4,,,301
00-0030035,Adam Thielen,WR,,FA,36.0,13.0,,,30.1,1.3,2.0,2.7,,,302
00-0039652,Jabari Small,RB,DET,DEV,24.6,2.0,,5.0,,1.8,2.0,2.4,,,185
00-0041272,Ja'Mori Maclin,WR,BUF,DEV,24.9,0.0,,10.0,,1.7,2.0,2.4,,,303
00-0040464,DJ Uiagalelei,QB,LAC,DEV,25.4,1.0,,3.0,,2.0,2.0,1.5,,,109
00-0041309,Daniel Sobkowicz,WR,HOU,DEV,24.0,0.0,,11.0,,1.6,2.0,2.5,,,304
00-0040919,Tyren Montgomery,WR,TEN,DEV,25.2,0.0,,8.0,,1.3,1.9,2.0,,,305
00-0041263,Lake McRee,TE,PIT,DEV,24.0,0.0,,5.0,,1.4,1.9,2.5,,,154
00-0041435,Dean Patterson IV,WR,TB,DEV,24.3,0.0,,10.0,,1.5,1.9,2.4,,,306
00-0041195,Jack Velling,TE,ATL,DEV,22.8,0.0,,5.0,,1.5,1.9,2.5,,,155
00-0035045,D.J. Montgomery,WR,IND,RES,29.8,7.0,8.0,8.0,,2.0,1.9,2.9,,,307
00-0036133,James Proche,WR,,FA,29.9,6.0,,,9.5,1.5,1.9,2.1,,,308
00-0041191,Cash Jones,RB,ATL,DEV,26.4,0.0,,5.0,,1.7,1.9,2.2,,,186
00-0040986,Ty Pezza,WR,BAL,DEV,24.0,0.0,,8.0,,1.5,1.9,2.3,,,309
00-0041292,Kolbe Katsis,WR,DEN,DEV,24.7,0.0,,7.0,,1.4,1.8,2.4,,,310
00-0035567,Craig Reynolds,RB,WAS,DEV,30.2,7.0,,5.0,0.4,1.6,1.8,2.6,,,187
00-0038391,Sean Clifford,QB,CIN,DEV,28.1,3.0,,4.0,,1.7,1.8,1.7,,,110
00-0037304,Connor Heyward,RB,LV,ACT,27.6,4.0,,6.0,,1.2,1.8,2.1,,,188
00-0040388,Jakobie Keeney-James,WR,,FA,25.9,1.0,,,2.5,1.5,1.8,2.4,,,311
00-0040618,Max Hurleman,WR,PIT,DEV,24.9,1.0,,9.0,,1.4,1.7,2.2,,,312
00-0041422,Dan Villari,TE,LA,DEV,24.2,0.0,,6.0,,1.3,1.7,2.3,,,156
00-0038181,Lucky Jackson,WR,DET,DEV,29.1,3.0,,8.0,,1.4,1.7,2.1,,,313
00-0040939,Michael Trigg,TE,DAL,DEV,24.2,0.0,,8.0,,1.3,1.7,2.1,,,157
00-0039703,Cody Schrader,RB,DEN,DEV,27.0,2.0,,6.0,,1.4,1.7,2.2,,,189
00-0040419,Garrett Greene,WR,TB,DEV,24.9,1.0,,8.0,,1.4,1.7,2.1,,,314
00-0033282,Curtis Samuel,WR,,FA,30.1,9.0,,,17.6,1.1,1.7,1.6,,,315
00-0031345,Jimmy Garoppolo,QB,,FA,34.8,12.0,,,-1.0,2.8,1.7,1.3,,,111
00-0039329,Julian Hicks,WR,SEA,DEV,26.9,2.0,,10.0,,1.4,1.7,2.0,,,316
00-0039757,Terrell Jennings,RB,,FA,25.7,2.0,,,14.7,1.4,1.7,2.1,,,190
00-0040552,Joshua Simon,TE,WAS,DEV,25.8,1.0,,6.0,,1.4,1.7,2.0,,,158
00-0039023,Joel Wilson,TE,TEN,DEV,26.2,3.0,,6.0,,1.2,1.6,2.0,,,159
00-0037098,Samori Toure,WR,,FA,28.4,4.0,,,0.8,1.3,1.6,1.7,,,317
00-0038740,Jalen Moreno-Cropper,WR,NO,DEV,25.3,3.0,,12.0,0.0,1.2,1.6,1.7,,,318
00-0040099,Xavier Guillory,WR,BAL,DEV,25.1,0.0,,9.0,,1.3,1.6,2.0,,,319
00-0040049,Josh Kelly,WR,HOU,DEV,25.2,1.0,,10.0,,1.4,1.6,2.0,,,320
00-0041016,Patrick Gurd,TE,LV,DEV,24.5,0.0,,7.0,,1.2,1.6,2.0,,,160
00-0035602,Alex Bachman,WR,LA,DEV,30.3,7.0,,8.0,2.2,1.1,1.6,2.3,,,321
00-0041318,Kyle Dixon,WR,NE,DEV,26.0,0.0,,8.0,,1.4,1.6,2.0,,,322
00-0035924,Jonathan Ward,RB,BAL,DEV,28.9,6.0,,5.0,,1.3,1.6,1.8,,,191
00-0040697,Thomas Gordon,TE,DET,DEV,26.0,1.0,,5.0,,1.2,1.5,1.9,,,161
00-0040406,Quentin Skinner,WR,,FA,24.7,1.0,,,3.5,1.1,1.5,1.9,,,323
00-0039386,Bub Means,WR,CLE,DEV,25.6,2.0,,8.0,,1.4,1.5,1.6,,,324
00-0040633,Kyrese Rowan,WR,NO,DEV,25.6,1.0,,11.0,,1.2,1.5,1.8,,,325
00-0031595,Michael Burton,RB,CLE,ACT,34.6,11.0,,5.0,,1.3,1.4,1.0,,,192
00-0036620,Dee Eskridge,WR,,FA,29.4,5.0,,,8.2,1.4,1.4,1.3,,,326
00-0039325,Carson Steele,RB,PHI,DEV,23.9,2.0,,6.0,,1.2,1.4,1.8,,,193
00-0034487,Trent Sherfield,WR,BUF,DEV,30.5,8.0,,8.0,3.6,1.3,1.4,2.0,,,327
00-0039550,Shawn Bowman,TE,ARI,DEV,26.3,2.0,,7.0,,1.1,1.4,1.7,,,162
00-0039843,Qadir Ismail,TE,CHI,DEV,26.5,2.0,,7.0,,1.1,1.4,1.6,,,163
00-0037324,Chris Oladokun,QB,KC,RES,29.0,4.0,,4.0,11.2,1.2,1.4,1.2,,,112
00-0034418,Cedrick Wilson Jr.,WR,,FA,30.8,8.0,,,6.9,1.2,1.3,1.9,,,328
00-0039275,Messiah Swinson,TE,CLE,DEV,26.4,2.0,,5.0,,1.1,1.3,1.8,,,164
00-0041451,Brock Rechsteiner,WR,NO,RES,24.0,0.0,,10.0,,1.1,1.3,1.7,,,329
00-0038658,Adrian Martinez,QB,,FA,26.7,2.0,,,-0.1,1.4,1.3,1.2,,,113
00-0040476,Ulysses Bentley IV,RB,,FA,25.7,1.0,,,0.0,1.1,1.3,1.6,,,194
00-0041384,Evan Svoboda,TE,LAC,DEV,23.4,0.0,,5.0,,1.0,1.3,1.7,,,165
00-0031236,Brandin Cooks,WR,,FA,32.9,12.0,,,39.9,0.1,1.3,2.3,,,330
00-0039263,McCallan Castles,TE,GB,RES,26.7,2.0,,8.0,,1.1,1.3,1.6,,,166
00-0037277,Teagan Quitoriano,TE,ARI,DEV,26.5,4.0,,6.0,0.0,0.9,1.3,1.8,,,167
00-0040331,Patrick Herbert,TE,LAC,DEV,25.9,1.0,,4.0,,1.0,1.3,1.4,,,168
00-0038576,Charlie Jones,WR,NYG,DEV,27.8,3.0,,9.0,6.0,1.2,1.2,1.4,,,331
00-0035140,Mecole Hardman,WR,,FA,28.5,7.0,,,0.0,1.1,1.2,2.0,,,332
00-0037282,James Mitchell,TE,DAL,DEV,27.1,4.0,,6.0,4.3,0.8,1.2,1.9,,,169
00-0038678,Jordan Mims,RB,,FA,27.2,3.0,,,0.0,0.9,1.2,1.4,,,195
00-0041252,Kenny Fletcher Jr.,TE,IND,DEV,22.7,0.0,,7.0,,1.0,1.2,1.5,,,170
00-0039305,Jack Westover,TE,WAS,DEV,27.2,2.0,,5.0,0.5,0.9,1.2,1.6,,,171
00-0038492,Jason Brownlee,WR,,FA,27.6,3.0,,,0.0,0.9,1.2,1.5,,,333
00-0036232,Harrison Bryant,TE,,FA,28.4,6.0,,,1.7,0.9,1.2,1.7,,,172
00-0038458,Owen Wright,RB,,FA,27.5,3.0,,,0.6,1.0,1.2,1.4,,,196
00-0039631,Cam Grandy,TE,MIN,DEV,26.8,2.0,,5.0,1.7,0.7,1.2,1.7,,,173
00-0034386,Justin Watson,WR,,FA,30.4,8.0,,,4.5,0.8,1.2,1.4,,,334
00-0037539,Lucas Krull,TE,DEN,DEV,28.1,4.0,,6.0,2.5,0.7,1.1,1.6,,,174
00-0040504,Bryson Nesbit,TE,MIN,RES,23.9,1.0,,6.0,,1.0,1.1,1.2,,,175
00-0038911,Malik Cunningham,WR,,FA,27.9,3.0,,,0.1,1.0,1.1,1.4,,,335
00-0037340,Zaire Mitchell-Paden,TE,HOU,DEV,27.0,4.0,,6.0,2.7,0.9,1.1,1.5,,,176
00-0041585,Grant Finley,RB,NYG,DEV,23.0,0.0,,6.0,,1.0,1.1,1.2,,,197
00-0037348,Tanner Conner,TE,,FA,28.5,4.0,,,13.6,0.7,1.1,1.4,,,177
00-0033591,Noah Brown,WR,,FA,30.7,9.0,,,10.8,0.7,1.0,1.1,,,336
00-0036741,Jack Stoll,TE,,FA,28.6,5.0,,,13.6,0.5,1.0,1.3,,,178
00-0039521,Xavier Weaver,WR,,FA,25.9,2.0,,,10.2,0.7,1.0,1.3,,,337
00-0034159,Will Dissly,TE,,FA,30.1,8.0,,,15.2,0.2,1.0,0.8,,,179
00-0036727,Adam Prentice,RB,DEN,ACT,29.6,5.0,,5.0,,0.8,1.0,1.2,,,198
00-0035039,Stephen Carlson,TE,CHI,DEV,29.7,7.0,,6.0,,0.6,1.0,1.0,,,180
00-0029892,Kyle Juszczyk,RB,SF,ACT,35.4,13.0,,5.0,,1.1,0.9,1.8,,,199
00-0037306,John FitzPatrick,TE,,FA,26.5,4.0,,,19.2,0.4,0.9,1.5,,,181
00-0036176,Mason Kinsey,WR,,FA,28.0,6.0,,,5.8,0.6,0.9,1.3,,,338
00-0035876,Andre Baccellia,WR,,FA,29.6,5.0,,,1.8,0.8,0.9,1.1,,,339
00-0036527,DJ Turner,WR,,FA,29.6,5.0,,,0.0,0.8,0.9,1.0,,,340
00-0036332,Josiah Deguara,TE,,FA,29.5,6.0,,,9.6,0.7,0.9,1.3,,,182
00-0033439,Pharaoh Brown,TE,IND,DEV,32.3,9.0,,6.0,1.1,0.5,0.8,1.3,,,183
00-0038145,Thomas Odukoya,TE,KC,EXE,29.3,4.0,,6.0,,0.8,0.8,0.9,,,184
00-0037015,Sal Cannella,TE,,FA,29.7,1.0,,,2.1,0.6,0.8,1.0,,,185
00-0036423,Albert Okwuegbunam,TE,LV,DEV,28.4,6.0,,5.0,6.1,0.5,0.8,1.0,,,186
00-0033572,Jamal Agnew,WR,,FA,31.4,9.0,,,0.0,0.6,0.7,0.9,,,341
00-0034959,Andrew Beck,RB,NYJ,ACT,30.3,7.0,,6.0,,0.3,0.7,0.6,,,200
00-0033891,Zay Jones,WR,,FA,31.4,9.0,,,24.3,0.3,0.7,1.3,,,342
00-0032688,Robbie Chosen,WR,,FA,33.3,10.0,,,7.8,0.3,0.7,1.0,,,343
00-0031237,Teddy Bridgewater,QB,,FA,33.8,12.0,,,2.9,1.2,0.7,0.0,,,114
00-0040494,Max Brosmer,QB,MIN,DEV,25.4,1.0,,4.0,4.2,0.7,0.7,0.9,,,115
00-0035956,Giovanni Ricci,TE,,FA,29.9,6.0,,,0.0,0.6,0.6,0.7,,,187
00-0034681,Chase Edmonds,RB,,FA,30.4,8.0,,,0.0,0.6,0.6,0.9,,,201
00-0035628,D'Ernest Johnson,RB,,FA,30.5,7.0,,,2.5,0.6,0.6,0.8,,,202
00-0036569,Gary Brightwell,RB,,FA,28.5,5.0,,,0.0,0.6,0.5,0.7,,,203
00-0022942,Philip Rivers,QB,,FA,44.7,22.0,,,31.7,0.5,0.5,0.3,,,116
00-0038582,Clayton Tune,QB,,FA,27.4,3.0,,,2.0,1.1,0.5,0.0,,,117
00-0039754,Devin Culp,TE,,FA,26.6,2.0,,,7.1,0.4,0.5,0.6,,,188
00-0034867,Malik Turner,WR,,FA,30.6,8.0,,,0.0,0.4,0.5,0.7,,,344
00-0040566,CJ Dippre,TE,TB,DEV,24.3,1.0,,5.0,,0.4,0.5,0.8,,,189
00-0036950,Avery Williams,RB,,FA,28.1,5.0,,,0.0,0.1,0.4,0.5,,,204
00-0031763,DeAndre Carter,WR,,FA,33.4,11.0,,,0.0,0.2,0.4,0.5,,,345
00-0032394,Nick Vannett,TE,BAL,DEV,33.5,10.0,,5.0,,0.2,0.3,0.7,,,190
00-0035639,Parris Campbell,WR,,FA,29.1,7.0,,,0.0,0.2,0.3,0.1,,,346
00-0034928,Steven Sims,WR,,FA,29.4,7.0,,,0.0,0.1,0.3,0.6,,,347
00-0035125,Alec Ingold,RB,LAC,ACT,30.1,7.0,,6.0,,0.2,0.2,0.3,,,205
00-0034054,River Cracraft,WR,,FA,31.8,9.0,,,0.0,0.1,0.2,0.3,,,348
00-0035594,Travis Homer,RB,PIT,DEV,28.1,7.0,,5.0,-0.2,0.0,0.2,1.4,,,206
00-0038614,Scott Matlock,RB,LAC,RES,26.2,3.0,,5.0,,0.1,0.2,0.1,,,207
00-0034955,Brett Rypien,QB,,FA,30.1,7.0,,,0.0,0.0,0.1,0.0,,,118
00-0039458,Brenden Bates,TE,,FA,26.9,2.0,,,6.8,0.0,0.1,0.3,,,191
00-0033455,Anthony Firkser,TE,,FA,31.5,9.0,,,9.3,0.0,0.1,0.2,,,192
00-0038456,Travis Vokolek,TE,,FA,28.2,3.0,,,0.0,0.1,0.1,0.2,,,193
00-0034073,Ross Dwelley,TE,,FA,31.6,8.0,,,1.7,0.0,0.0,0.1,,,194
00-0040964,,RB,KC,RES,,,,6.0,,0.0,0.0,0.0,,,210
00-0024243,Marcedes Lewis,TE,,FA,42.3,20.0,,,0.0,0.0,0.0,0.0,,,198
00-0032434,Brandon Allen,QB,,FA,34.0,10.0,,,0.9,0.0,0.0,0.0,,,119
00-0041004,,WR,LV,RES,,,,12.0,,0.0,0.0,0.0,,,350
00-0040649,Robbie Ouzts,RB,SEA,RES,24.0,1.0,,7.0,0.0,0.0,0.0,0.0,,,208
00-0040702,,TE,DAL,DEV,,,,7.0,,0.0,0.0,0.0,,,196
00-0040937,,RB,NYJ,RES,,,,7.0,,0.0,0.0,0.0,,,209
00-0041374,,WR,LAC,RES,,,,9.0,,0.0,0.0,0.0,,,349
00-0036534,Shane Zylstra,TE,NE,DEV,29.8,5.0,,6.0,3.5,0.0,0.0,0.0,,,197
00-0041577,,TE,NYJ,RES,,,,5.0,,0.0,0.0,0.0,,,195
00-0035726,Jakob Johnson,RB,,FA,31.7,7.0,,,0.0,0.0,0.0,0.0,,,211
00-0037654,Tucker Fisk,TE,,FA,27.6,4.0,,,2.9,0.0,0.0,0.1,,,199
